symbol,ts,funding_rate,collect_cycle
MEXCFTS_PERP_GIGA_USDT,2024-11-12 04:00:00,-0.000128,4
MEXCFTS_PERP_GIGA_USDT,2024-11-12 08:00:00,-0.000138,4
MEXCFTS_PERP_GIGA_USDT,2024-11-12 12:00:00,0.0002,4
MEXCFTS_PERP_GIGA_USDT,2024-11-12 16:00:00,-5.8e-05,4
MEXCFTS_PERP_GIGA_USDT,2024-11-12 20:00:00,0.0002,4
MEXCFTS_PERP_GIGA_USDT,2024-11-13 00:00:00,-0.000115,4
MEXCFTS_PERP_GIGA_USDT,2024-11-13 04:00:00,0.0002,4
MEXCFTS_PERP_GIGA_USDT,2024-11-13 08:00:00,-0.000127,4
MEXCFTS_PERP_GIGA_USDT,2024-11-13 12:00:00,0.0002,4
MEXCFTS_PERP_GIGA_USDT,2024-11-13 16:00:00,-3.5e-05,4
MEXCFTS_PERP_GIGA_USDT,2024-11-13 20:00:00,0.0002,4
MEXCFTS_PERP_GIGA_USDT,2024-11-14 00:00:00,-0.000113,4
MEXCFTS_PERP_GIGA_USDT,2024-11-14 04:00:00,0.0002,4
MEXCFTS_PERP_GIGA_USDT,2024-11-14 08:00:00,-6.8e-05,4
MEXCFTS_PERP_GIGA_USDT,2024-11-14 12:00:00,0.0002,4
MEXCFTS_PERP_GIGA_USDT,2024-11-14 16:00:00,-0.000132,4
MEXCFTS_PERP_GIGA_USDT,2024-11-14 20:00:00,0.0002,4
MEXCFTS_PERP_GIGA_USDT,2024-11-15 00:00:00,0.000167,4
MEXCFTS_PERP_GIGA_USDT,2024-11-15 04:00:00,9e-05,4
MEXCFTS_PERP_GIGA_USDT,2024-11-15 08:00:00,-0.000123,4
MEXCFTS_PERP_GIGA_USDT,2024-11-15 12:00:00,0.0002,4
MEXCFTS_PERP_GIGA_USDT,2024-11-15 16:00:00,-0.000122,4
MEXCFTS_PERP_GIGA_USDT,2024-11-15 20:00:00,-0.000131,4
MEXCFTS_PERP_GIGA_USDT,2024-11-16 00:00:00,0.000157,4
MEXCFTS_PERP_GIGA_USDT,2024-11-16 04:00:00,0.0002,4
MEXCFTS_PERP_GIGA_USDT,2024-11-16 08:00:00,0.0002,4
MEXCFTS_PERP_GIGA_USDT,2024-11-16 12:00:00,0.0002,4
MEXCFTS_PERP_GIGA_USDT,2024-11-16 16:00:00,-9e-05,4
MEXCFTS_PERP_GIGA_USDT,2024-11-16 20:00:00,0.0002,4
MEXCFTS_PERP_GIGA_USDT,2024-11-17 00:00:00,0.0002,4
MEXCFTS_PERP_GIGA_USDT,2024-11-17 04:00:00,3.6e-05,4
MEXCFTS_PERP_GIGA_USDT,2024-11-17 08:00:00,-0.000124,4
MEXCFTS_PERP_GIGA_USDT,2024-11-17 12:00:00,-4.2e-05,4
MEXCFTS_PERP_GIGA_USDT,2024-11-17 16:00:00,0.0002,4
MEXCFTS_PERP_GIGA_USDT,2024-11-17 20:00:00,-0.000126,4
MEXCFTS_PERP_GIGA_USDT,2024-11-18 00:00:00,0.0002,4
MEXCFTS_PERP_GIGA_USDT,2024-11-18 04:00:00,-0.000136,4
MEXCFTS_PERP_GIGA_USDT,2024-11-18 08:00:00,-0.00013,4
MEXCFTS_PERP_GIGA_USDT,2024-11-18 12:00:00,0.000173,4
MEXCFTS_PERP_GIGA_USDT,2024-11-18 16:00:00,0.000198,4
MEXCFTS_PERP_GIGA_USDT,2024-11-18 20:00:00,-0.000135,4
MEXCFTS_PERP_GIGA_USDT,2024-11-19 00:00:00,4.4e-05,4
MEXCFTS_PERP_GIGA_USDT,2024-11-19 04:00:00,8.9e-05,4
MEXCFTS_PERP_GIGA_USDT,2024-11-19 08:00:00,0.0002,4
MEXCFTS_PERP_GIGA_USDT,2024-11-19 12:00:00,0.0002,4
MEXCFTS_PERP_GIGA_USDT,2024-11-19 16:00:00,-0.000133,4
MEXCFTS_PERP_GIGA_USDT,2024-11-19 20:00:00,7.6e-05,4
MEXCFTS_PERP_GIGA_USDT,2024-11-20 00:00:00,-0.000125,4
MEXCFTS_PERP_GIGA_USDT,2024-11-20 04:00:00,-0.000124,4
MEXCFTS_PERP_GIGA_USDT,2024-11-20 08:00:00,-0.000135,4
MEXCFTS_PERP_GIGA_USDT,2024-11-20 12:00:00,-0.000144,4
MEXCFTS_PERP_GIGA_USDT,2024-11-20 16:00:00,0.000124,4
MEXCFTS_PERP_GIGA_USDT,2024-11-20 20:00:00,0.0002,4
MEXCFTS_PERP_GIGA_USDT,2024-11-21 00:00:00,0.0002,4
MEXCFTS_PERP_GIGA_USDT,2024-11-21 04:00:00,0.0002,4
MEXCFTS_PERP_GIGA_USDT,2024-11-21 08:00:00,0.0002,4
MEXCFTS_PERP_GIGA_USDT,2024-11-21 12:00:00,0.0002,4
MEXCFTS_PERP_GIGA_USDT,2024-11-21 16:00:00,0.0002,4
MEXCFTS_PERP_GIGA_USDT,2024-11-21 20:00:00,8.4e-05,4
MEXCFTS_PERP_GIGA_USDT,2024-11-22 00:00:00,0.0002,4
MEXCFTS_PERP_GIGA_USDT,2024-11-22 04:00:00,0.000178,4
MEXCFTS_PERP_GIGA_USDT,2024-11-22 08:00:00,0.0002,4
MEXCFTS_PERP_GIGA_USDT,2024-11-22 12:00:00,0.0002,4
MEXCFTS_PERP_GIGA_USDT,2024-11-22 16:00:00,0.0002,4
MEXCFTS_PERP_GIGA_USDT,2024-11-22 20:00:00,-5.1e-05,4
MEXCFTS_PERP_GIGA_USDT,2024-11-23 00:00:00,0.0002,4
MEXCFTS_PERP_GIGA_USDT,2024-11-23 04:00:00,0.00016,4
MEXCFTS_PERP_GIGA_USDT,2024-11-23 08:00:00,0.0002,4
MEXCFTS_PERP_GIGA_USDT,2024-11-23 12:00:00,-0.000123,4
MEXCFTS_PERP_GIGA_USDT,2024-11-23 16:00:00,0.0002,4
MEXCFTS_PERP_GIGA_USDT,2024-11-23 20:00:00,0.0002,4
MEXCFTS_PERP_GIGA_USDT,2024-11-24 00:00:00,0.0002,4
MEXCFTS_PERP_GIGA_USDT,2024-11-24 04:00:00,0.0002,4
MEXCFTS_PERP_GIGA_USDT,2024-11-24 08:00:00,0.0002,4
MEXCFTS_PERP_GIGA_USDT,2024-11-24 12:00:00,6.2e-05,4
MEXCFTS_PERP_GIGA_USDT,2024-11-24 16:00:00,0.0002,4
MEXCFTS_PERP_GIGA_USDT,2024-11-24 20:00:00,3.9e-05,4
MEXCFTS_PERP_GIGA_USDT,2024-11-25 00:00:00,0.0002,4
MEXCFTS_PERP_GIGA_USDT,2024-11-25 04:00:00,0.0002,4
MEXCFTS_PERP_GIGA_USDT,2024-11-25 08:00:00,0.0002,4
MEXCFTS_PERP_GIGA_USDT,2024-11-25 12:00:00,-0.00012,4
MEXCFTS_PERP_GIGA_USDT,2024-11-25 16:00:00,0.0002,4
MEXCFTS_PERP_GIGA_USDT,2024-11-25 20:00:00,-0.000115,4
MEXCFTS_PERP_GIGA_USDT,2024-11-26 00:00:00,-0.000129,4
MEXCFTS_PERP_GIGA_USDT,2024-11-26 04:00:00,-0.000123,4
MEXCFTS_PERP_GIGA_USDT,2024-11-26 08:00:00,0.0002,4
MEXCFTS_PERP_GIGA_USDT,2024-11-26 12:00:00,-0.000149,4
MEXCFTS_PERP_GIGA_USDT,2024-11-26 16:00:00,0.0002,4
MEXCFTS_PERP_GIGA_USDT,2024-11-26 20:00:00,0.0002,4
MEXCFTS_PERP_GIGA_USDT,2024-11-27 00:00:00,-8.4e-05,4
MEXCFTS_PERP_GIGA_USDT,2024-11-27 04:00:00,0.0002,4
MEXCFTS_PERP_GIGA_USDT,2024-11-27 08:00:00,0.0002,4
MEXCFTS_PERP_GIGA_USDT,2024-11-27 12:00:00,0.0002,4
MEXCFTS_PERP_GIGA_USDT,2024-11-27 16:00:00,8e-06,4
MEXCFTS_PERP_GIGA_USDT,2024-11-27 20:00:00,0.0002,4
MEXCFTS_PERP_GIGA_USDT,2024-11-28 00:00:00,0.0002,4
MEXCFTS_PERP_GIGA_USDT,2024-11-28 04:00:00,0.0002,4
MEXCFTS_PERP_GIGA_USDT,2024-11-28 08:00:00,0.0002,4
MEXCFTS_PERP_GIGA_USDT,2024-11-28 12:00:00,0.0002,4
MEXCFTS_PERP_GIGA_USDT,2024-11-28 16:00:00,0.000187,4
MEXCFTS_PERP_GIGA_USDT,2024-11-28 20:00:00,-0.000139,4
MEXCFTS_PERP_GIGA_USDT,2024-11-29 00:00:00,0.000122,4
MEXCFTS_PERP_GIGA_USDT,2024-11-29 04:00:00,-0.0002,4
MEXCFTS_PERP_GIGA_USDT,2024-11-29 08:00:00,0.0002,4
MEXCFTS_PERP_GIGA_USDT,2024-11-29 12:00:00,0.0002,4
MEXCFTS_PERP_GIGA_USDT,2024-11-29 16:00:00,0.0002,4
MEXCFTS_PERP_GIGA_USDT,2024-11-29 20:00:00,-0.000142,4
MEXCFTS_PERP_GIGA_USDT,2024-11-30 00:00:00,-0.0002,4
MEXCFTS_PERP_GIGA_USDT,2024-11-30 04:00:00,0.000121,4
MEXCFTS_PERP_GIGA_USDT,2024-11-30 08:00:00,0.0002,4
MEXCFTS_PERP_GIGA_USDT,2024-11-30 12:00:00,-0.000121,4
MEXCFTS_PERP_GIGA_USDT,2024-11-30 16:00:00,-0.00013,4
MEXCFTS_PERP_GIGA_USDT,2024-11-30 20:00:00,4.8e-05,4
MEXCFTS_PERP_GIGA_USDT,2024-12-01 00:00:00,-0.000125,4
MEXCFTS_PERP_GIGA_USDT,2024-12-01 04:00:00,0.0002,4
MEXCFTS_PERP_GIGA_USDT,2024-12-01 08:00:00,0.0002,4
MEXCFTS_PERP_GIGA_USDT,2024-12-01 12:00:00,0.0002,4
MEXCFTS_PERP_GIGA_USDT,2024-12-01 16:00:00,0.0002,4
MEXCFTS_PERP_GIGA_USDT,2024-12-01 20:00:00,-0.000129,4
MEXCFTS_PERP_GIGA_USDT,2024-12-02 00:00:00,-0.000116,4
MEXCFTS_PERP_GIGA_USDT,2024-12-02 04:00:00,0.0002,4
MEXCFTS_PERP_GIGA_USDT,2024-12-02 08:00:00,0.0002,4
MEXCFTS_PERP_GIGA_USDT,2024-12-02 12:00:00,0.0002,4
MEXCFTS_PERP_GIGA_USDT,2024-12-02 16:00:00,-0.000146,4
MEXCFTS_PERP_GIGA_USDT,2024-12-02 20:00:00,-0.000122,4
MEXCFTS_PERP_GIGA_USDT,2024-12-03 00:00:00,0.0002,4
MEXCFTS_PERP_GIGA_USDT,2024-12-03 04:00:00,0.0002,4
MEXCFTS_PERP_GIGA_USDT,2024-12-03 08:00:00,0.0002,4
MEXCFTS_PERP_GIGA_USDT,2024-12-03 12:00:00,0.0002,4
MEXCFTS_PERP_GIGA_USDT,2024-12-03 16:00:00,0.0002,4
MEXCFTS_PERP_GIGA_USDT,2024-12-03 20:00:00,0.0002,4
MEXCFTS_PERP_GIGA_USDT,2024-12-04 00:00:00,0.0002,4
MEXCFTS_PERP_GIGA_USDT,2024-12-04 04:00:00,-0.000133,4
MEXCFTS_PERP_GIGA_USDT,2024-12-04 08:00:00,0.0002,4
MEXCFTS_PERP_GIGA_USDT,2024-12-04 12:00:00,0.0002,4
MEXCFTS_PERP_GIGA_USDT,2024-12-04 16:00:00,0.0002,4
MEXCFTS_PERP_GIGA_USDT,2024-12-04 20:00:00,0.0002,4
MEXCFTS_PERP_GIGA_USDT,2024-12-05 00:00:00,0.0002,4
MEXCFTS_PERP_GIGA_USDT,2024-12-05 04:00:00,0.0002,4
MEXCFTS_PERP_GIGA_USDT,2024-12-05 08:00:00,0.0002,4
MEXCFTS_PERP_GIGA_USDT,2024-12-05 12:00:00,0.0002,4
MEXCFTS_PERP_GIGA_USDT,2024-12-05 16:00:00,0.0002,4
MEXCFTS_PERP_GIGA_USDT,2024-12-05 20:00:00,0.0002,4
MEXCFTS_PERP_GIGA_USDT,2024-12-06 00:00:00,0.0002,4
MEXCFTS_PERP_GIGA_USDT,2024-12-06 04:00:00,-0.000138,4
MEXCFTS_PERP_GIGA_USDT,2024-12-06 08:00:00,0.0002,4
MEXCFTS_PERP_GIGA_USDT,2024-12-06 12:00:00,0.0002,4
MEXCFTS_PERP_GIGA_USDT,2024-12-06 16:00:00,0.0002,4
MEXCFTS_PERP_GIGA_USDT,2024-12-06 20:00:00,0.0002,4
MEXCFTS_PERP_GIGA_USDT,2024-12-07 00:00:00,0.0002,4
MEXCFTS_PERP_GIGA_USDT,2024-12-07 04:00:00,0.0002,4
MEXCFTS_PERP_GIGA_USDT,2024-12-07 08:00:00,-2.6e-05,4
MEXCFTS_PERP_GIGA_USDT,2024-12-07 12:00:00,0.0002,4
MEXCFTS_PERP_GIGA_USDT,2024-12-07 16:00:00,0.0002,4
MEXCFTS_PERP_GIGA_USDT,2024-12-07 20:00:00,0.0002,4
MEXCFTS_PERP_GIGA_USDT,2024-12-08 00:00:00,0.0002,4
MEXCFTS_PERP_GIGA_USDT,2024-12-08 04:00:00,-0.000121,4
MEXCFTS_PERP_GIGA_USDT,2024-12-08 08:00:00,0.0002,4
MEXCFTS_PERP_GIGA_USDT,2024-12-08 12:00:00,0.0002,4
MEXCFTS_PERP_GIGA_USDT,2024-12-08 16:00:00,-4.1e-05,4
MEXCFTS_PERP_GIGA_USDT,2024-12-08 20:00:00,-0.000135,4
MEXCFTS_PERP_GIGA_USDT,2024-12-09 00:00:00,-0.000118,4
MEXCFTS_PERP_GIGA_USDT,2024-12-09 04:00:00,-0.000114,4
MEXCFTS_PERP_GIGA_USDT,2024-12-09 08:00:00,0.0002,4
MEXCFTS_PERP_GIGA_USDT,2024-12-09 12:00:00,-4e-06,4
MEXCFTS_PERP_GIGA_USDT,2024-12-09 16:00:00,0.0002,4
MEXCFTS_PERP_GIGA_USDT,2024-12-09 20:00:00,0.0002,4
MEXCFTS_PERP_GIGA_USDT,2024-12-10 00:00:00,-0.000102,4
MEXCFTS_PERP_GIGA_USDT,2024-12-10 04:00:00,-0.000124,4
MEXCFTS_PERP_GIGA_USDT,2024-12-10 08:00:00,0.0002,4
MEXCFTS_PERP_GIGA_USDT,2024-12-10 12:00:00,-0.000122,4
MEXCFTS_PERP_GIGA_USDT,2024-12-10 16:00:00,0.000108,4
MEXCFTS_PERP_GIGA_USDT,2024-12-10 20:00:00,0.000197,4
MEXCFTS_PERP_GIGA_USDT,2024-12-11 00:00:00,-0.000146,4
MEXCFTS_PERP_GIGA_USDT,2024-12-11 04:00:00,-0.000133,4
MEXCFTS_PERP_GIGA_USDT,2024-12-11 08:00:00,-0.000148,4
MEXCFTS_PERP_GIGA_USDT,2024-12-11 12:00:00,0.000191,4
MEXCFTS_PERP_GIGA_USDT,2024-12-11 16:00:00,0.0002,4
MEXCFTS_PERP_GIGA_USDT,2024-12-11 20:00:00,0.0002,4
MEXCFTS_PERP_GIGA_USDT,2024-12-12 00:00:00,0.0002,4
MEXCFTS_PERP_GIGA_USDT,2024-12-12 04:00:00,0.0002,4
MEXCFTS_PERP_GIGA_USDT,2024-12-12 08:00:00,0.0002,4
MEXCFTS_PERP_GIGA_USDT,2024-12-12 12:00:00,-0.000147,4
MEXCFTS_PERP_GIGA_USDT,2024-12-12 16:00:00,0.0001,8
MEXCFTS_PERP_GIGA_USDT,2024-12-13 00:00:00,0.0001,8
MEXCFTS_PERP_GIGA_USDT,2024-12-13 08:00:00,0.0001,8
MEXCFTS_PERP_GIGA_USDT,2024-12-13 16:00:00,0.0001,8
MEXCFTS_PERP_GIGA_USDT,2024-12-14 00:00:00,0.0001,8
MEXCFTS_PERP_GIGA_USDT,2024-12-14 08:00:00,0.0001,8
MEXCFTS_PERP_GIGA_USDT,2024-12-14 16:00:00,0.0001,8
MEXCFTS_PERP_GIGA_USDT,2024-12-15 00:00:00,0.0001,8
MEXCFTS_PERP_GIGA_USDT,2024-12-15 08:00:00,0.0001,8
MEXCFTS_PERP_GIGA_USDT,2024-12-15 16:00:00,0.0001,8
MEXCFTS_PERP_GIGA_USDT,2024-12-16 00:00:00,0.0001,8
MEXCFTS_PERP_GIGA_USDT,2024-12-16 08:00:00,0.0001,8
MEXCFTS_PERP_GIGA_USDT,2024-12-16 16:00:00,0.0001,8
MEXCFTS_PERP_GIGA_USDT,2024-12-17 00:00:00,0.0001,8
MEXCFTS_PERP_GIGA_USDT,2024-12-17 08:00:00,0.0001,8
MEXCFTS_PERP_GIGA_USDT,2024-12-17 16:00:00,0.0001,8
MEXCFTS_PERP_GIGA_USDT,2024-12-18 00:00:00,0.0001,8
MEXCFTS_PERP_GIGA_USDT,2024-12-18 08:00:00,0.0001,8
MEXCFTS_PERP_GIGA_USDT,2024-12-18 16:00:00,0.0001,8
MEXCFTS_PERP_GIGA_USDT,2024-12-19 00:00:00,0.0001,8
MEXCFTS_PERP_GIGA_USDT,2024-12-19 08:00:00,0.0001,8
MEXCFTS_PERP_GIGA_USDT,2024-12-19 16:00:00,0.0001,8
MEXCFTS_PERP_GIGA_USDT,2024-12-20 00:00:00,-0.000697,8
MEXCFTS_PERP_GIGA_USDT,2024-12-20 08:00:00,-0.002763,8
MEXCFTS_PERP_GIGA_USDT,2024-12-20 16:00:00,-0.001211,8
MEXCFTS_PERP_GIGA_USDT,2024-12-21 00:00:00,-0.001389,8
MEXCFTS_PERP_GIGA_USDT,2024-12-21 08:00:00,-0.001203,8
MEXCFTS_PERP_GIGA_USDT,2024-12-21 16:00:00,-0.003332,8
MEXCFTS_PERP_GIGA_USDT,2024-12-22 00:00:00,-0.001235,8
MEXCFTS_PERP_GIGA_USDT,2024-12-22 08:00:00,-0.001212,8
MEXCFTS_PERP_GIGA_USDT,2024-12-22 16:00:00,0.0001,8
MEXCFTS_PERP_GIGA_USDT,2024-12-23 00:00:00,0.0001,8
MEXCFTS_PERP_GIGA_USDT,2024-12-23 08:00:00,0.0001,8
MEXCFTS_PERP_GIGA_USDT,2024-12-23 16:00:00,-0.000125,8
MEXCFTS_PERP_GIGA_USDT,2024-12-24 00:00:00,-0.000741,8
MEXCFTS_PERP_GIGA_USDT,2024-12-24 08:00:00,-0.000332,8
MEXCFTS_PERP_GIGA_USDT,2024-12-24 16:00:00,-0.001099,8
MEXCFTS_PERP_GIGA_USDT,2024-12-25 00:00:00,-3e-06,8
MEXCFTS_PERP_GIGA_USDT,2024-12-25 08:00:00,0.0001,8
MEXCFTS_PERP_GIGA_USDT,2024-12-25 16:00:00,0.0001,8
MEXCFTS_PERP_GIGA_USDT,2024-12-26 00:00:00,0.0001,8
MEXCFTS_PERP_GIGA_USDT,2024-12-26 08:00:00,0.0001,8
MEXCFTS_PERP_GIGA_USDT,2024-12-26 16:00:00,-0.000516,8
MEXCFTS_PERP_GIGA_USDT,2024-12-27 00:00:00,-0.000373,8
MEXCFTS_PERP_GIGA_USDT,2024-12-27 08:00:00,-0.001082,8
MEXCFTS_PERP_GIGA_USDT,2024-12-27 16:00:00,-0.001719,8
MEXCFTS_PERP_GIGA_USDT,2024-12-28 00:00:00,-0.001873,8
MEXCFTS_PERP_GIGA_USDT,2024-12-28 08:00:00,-0.001497,8
MEXCFTS_PERP_GIGA_USDT,2024-12-28 16:00:00,-1.9e-05,8
MEXCFTS_PERP_GIGA_USDT,2024-12-29 00:00:00,0.0001,8
MEXCFTS_PERP_GIGA_USDT,2024-12-29 08:00:00,-4.2e-05,8
MEXCFTS_PERP_GIGA_USDT,2024-12-29 16:00:00,-0.000148,8
MEXCFTS_PERP_GIGA_USDT,2024-12-30 00:00:00,-0.001134,8
MEXCFTS_PERP_GIGA_USDT,2024-12-30 08:00:00,0.0001,8
MEXCFTS_PERP_GIGA_USDT,2024-12-30 16:00:00,0.0001,8
MEXCFTS_PERP_GIGA_USDT,2024-12-31 00:00:00,0.0001,8
MEXCFTS_PERP_GIGA_USDT,2024-12-31 08:00:00,0.0001,8
MEXCFTS_PERP_GIGA_USDT,2024-12-31 16:00:00,0.0001,8
MEXCFTS_PERP_GIGA_USDT,2025-01-01 00:00:00,0.0001,8
MEXCFTS_PERP_GIGA_USDT,2025-01-01 08:00:00,0.0001,8
MEXCFTS_PERP_GIGA_USDT,2025-01-01 16:00:00,0.0001,8
MEXCFTS_PERP_GIGA_USDT,2025-01-02 00:00:00,0.0001,8
MEXCFTS_PERP_GIGA_USDT,2025-01-02 08:00:00,0.0001,8
MEXCFTS_PERP_GIGA_USDT,2025-01-02 16:00:00,0.0001,8
MEXCFTS_PERP_GIGA_USDT,2025-01-03 00:00:00,0.0001,8
MEXCFTS_PERP_GIGA_USDT,2025-01-03 08:00:00,0.0001,8
MEXCFTS_PERP_GIGA_USDT,2025-01-03 16:00:00,0.0001,8
MEXCFTS_PERP_GIGA_USDT,2025-01-04 00:00:00,0.0001,8
MEXCFTS_PERP_GIGA_USDT,2025-01-04 08:00:00,0.0001,8
MEXCFTS_PERP_GIGA_USDT,2025-01-04 16:00:00,0.0001,8
MEXCFTS_PERP_GIGA_USDT,2025-01-05 00:00:00,0.0001,8
MEXCFTS_PERP_GIGA_USDT,2025-01-05 08:00:00,0.0001,8
MEXCFTS_PERP_GIGA_USDT,2025-01-05 16:00:00,0.0001,8
MEXCFTS_PERP_GIGA_USDT,2025-01-06 00:00:00,0.0001,8
MEXCFTS_PERP_GIGA_USDT,2025-01-06 08:00:00,0.0001,8
MEXCFTS_PERP_GIGA_USDT,2025-01-06 16:00:00,0.0001,8
MEXCFTS_PERP_GIGA_USDT,2025-01-07 00:00:00,0.0001,8
MEXCFTS_PERP_GIGA_USDT,2025-01-07 08:00:00,0.0001,8
MEXCFTS_PERP_GIGA_USDT,2025-01-07 16:00:00,0.0001,8
MEXCFTS_PERP_GIGA_USDT,2025-01-08 00:00:00,0.0001,8
MEXCFTS_PERP_GIGA_USDT,2025-01-08 08:00:00,0.0001,8
MEXCFTS_PERP_GIGA_USDT,2025-01-08 16:00:00,0.0001,8
MEXCFTS_PERP_GIGA_USDT,2025-01-09 00:00:00,0.0001,8
MEXCFTS_PERP_GIGA_USDT,2025-01-09 08:00:00,0.0001,8
MEXCFTS_PERP_GIGA_USDT,2025-01-09 16:00:00,0.0001,8
MEXCFTS_PERP_GIGA_USDT,2025-01-10 00:00:00,0.0001,8
MEXCFTS_PERP_GIGA_USDT,2025-01-10 08:00:00,0.0001,8
MEXCFTS_PERP_GIGA_USDT,2025-01-10 16:00:00,0.0001,8
MEXCFTS_PERP_GIGA_USDT,2025-01-11 00:00:00,0.0001,8
MEXCFTS_PERP_GIGA_USDT,2025-01-11 08:00:00,0.0001,8
MEXCFTS_PERP_GIGA_USDT,2025-01-11 16:00:00,0.0001,8
MEXCFTS_PERP_GIGA_USDT,2025-01-12 00:00:00,0.0001,8
MEXCFTS_PERP_GIGA_USDT,2025-01-12 08:00:00,0.0001,8
MEXCFTS_PERP_GIGA_USDT,2025-01-12 16:00:00,0.0001,8
MEXCFTS_PERP_GIGA_USDT,2025-01-13 00:00:00,0.0001,8
MEXCFTS_PERP_GIGA_USDT,2025-01-13 08:00:00,0.0001,8
MEXCFTS_PERP_GIGA_USDT,2025-01-13 16:00:00,0.0001,8
MEXCFTS_PERP_GIGA_USDT,2025-01-14 00:00:00,0.0001,8
MEXCFTS_PERP_GIGA_USDT,2025-01-14 08:00:00,0.0001,8
MEXCFTS_PERP_GIGA_USDT,2025-01-14 16:00:00,0.0001,8
MEXCFTS_PERP_GIGA_USDT,2025-01-15 00:00:00,0.0001,8
MEXCFTS_PERP_GIGA_USDT,2025-01-15 08:00:00,0.0001,8
MEXCFTS_PERP_GIGA_USDT,2025-01-15 16:00:00,0.0001,8
MEXCFTS_PERP_GIGA_USDT,2025-01-16 00:00:00,0.0001,8
MEXCFTS_PERP_GIGA_USDT,2025-01-16 08:00:00,0.0001,8
MEXCFTS_PERP_GIGA_USDT,2025-01-16 16:00:00,0.0001,8
MEXCFTS_PERP_GIGA_USDT,2025-01-17 00:00:00,0.0001,8
MEXCFTS_PERP_GIGA_USDT,2025-01-17 08:00:00,0.0001,8
MEXCFTS_PERP_GIGA_USDT,2025-01-17 16:00:00,0.0001,8
MEXCFTS_PERP_GIGA_USDT,2025-01-18 00:00:00,0.0001,8
MEXCFTS_PERP_GIGA_USDT,2025-01-18 08:00:00,0.0001,8
MEXCFTS_PERP_GIGA_USDT,2025-01-18 16:00:00,0.0001,8
MEXCFTS_PERP_GIGA_USDT,2025-01-19 00:00:00,0.0001,8
MEXCFTS_PERP_GIGA_USDT,2025-01-19 08:00:00,0.0001,8
MEXCFTS_PERP_GIGA_USDT,2025-01-19 16:00:00,0.0001,8
MEXCFTS_PERP_GIGA_USDT,2025-01-20 00:00:00,0.000702,8
MEXCFTS_PERP_GIGA_USDT,2025-01-20 08:00:00,0.0001,8
MEXCFTS_PERP_GIGA_USDT,2025-01-20 16:00:00,0.0001,8
MEXCFTS_PERP_GIGA_USDT,2025-01-21 00:00:00,0.0001,8
MEXCFTS_PERP_GIGA_USDT,2025-01-21 08:00:00,0.0001,8
MEXCFTS_PERP_GIGA_USDT,2025-01-21 16:00:00,0.0001,8
MEXCFTS_PERP_GIGA_USDT,2025-01-22 00:00:00,0.0001,8
MEXCFTS_PERP_GIGA_USDT,2025-01-22 08:00:00,0.0001,8
MEXCFTS_PERP_GIGA_USDT,2025-01-22 16:00:00,0.0001,8
MEXCFTS_PERP_GIGA_USDT,2025-01-23 00:00:00,0.0001,8
MEXCFTS_PERP_GIGA_USDT,2025-01-23 08:00:00,0.0001,8
MEXCFTS_PERP_GIGA_USDT,2025-01-23 16:00:00,0.0001,8
MEXCFTS_PERP_GIGA_USDT,2025-01-24 00:00:00,0.0001,8
MEXCFTS_PERP_GIGA_USDT,2025-01-24 08:00:00,0.0001,8
MEXCFTS_PERP_GIGA_USDT,2025-01-24 16:00:00,0.0001,8
MEXCFTS_PERP_GIGA_USDT,2025-01-25 00:00:00,0.0001,8
MEXCFTS_PERP_GIGA_USDT,2025-01-25 08:00:00,0.0001,8
MEXCFTS_PERP_GIGA_USDT,2025-01-25 16:00:00,0.0001,8
MEXCFTS_PERP_GIGA_USDT,2025-01-26 00:00:00,0.0001,8
MEXCFTS_PERP_GIGA_USDT,2025-01-26 08:00:00,0.0001,8
MEXCFTS_PERP_GIGA_USDT,2025-01-26 16:00:00,0.0001,8
MEXCFTS_PERP_GIGA_USDT,2025-01-27 00:00:00,0.0001,8
MEXCFTS_PERP_GIGA_USDT,2025-01-27 08:00:00,0.0001,8
MEXCFTS_PERP_GIGA_USDT,2025-01-27 16:00:00,0.0001,8
MEXCFTS_PERP_GIGA_USDT,2025-01-28 00:00:00,0.0001,8
MEXCFTS_PERP_GIGA_USDT,2025-01-28 08:00:00,0.0001,8
MEXCFTS_PERP_GIGA_USDT,2025-01-28 16:00:00,0.0001,8
MEXCFTS_PERP_GIGA_USDT,2025-01-29 00:00:00,0.0001,8
MEXCFTS_PERP_GIGA_USDT,2025-01-29 08:00:00,0.0001,8
MEXCFTS_PERP_GIGA_USDT,2025-01-29 16:00:00,0.0001,8
MEXCFTS_PERP_GIGA_USDT,2025-01-30 00:00:00,0.0001,8
MEXCFTS_PERP_GIGA_USDT,2025-01-30 08:00:00,0.0001,8
MEXCFTS_PERP_GIGA_USDT,2025-01-30 16:00:00,0.0001,8
MEXCFTS_PERP_GIGA_USDT,2025-01-31 00:00:00,0.0001,8
MEXCFTS_PERP_GIGA_USDT,2025-01-31 08:00:00,0.0001,8
MEXCFTS_PERP_GIGA_USDT,2025-01-31 16:00:00,0.0001,8
MEXCFTS_PERP_GIGA_USDT,2025-02-01 00:00:00,0.0001,8
MEXCFTS_PERP_GIGA_USDT,2025-02-01 08:00:00,0.0001,8
MEXCFTS_PERP_GIGA_USDT,2025-02-01 16:00:00,0.0001,8
MEXCFTS_PERP_GIGA_USDT,2025-02-02 00:00:00,0.0001,8
MEXCFTS_PERP_GIGA_USDT,2025-02-02 08:00:00,0.0001,8
MEXCFTS_PERP_GIGA_USDT,2025-02-02 16:00:00,0.0001,8
MEXCFTS_PERP_GIGA_USDT,2025-02-03 00:00:00,0.0001,8
MEXCFTS_PERP_GIGA_USDT,2025-02-03 08:00:00,0.0001,8
MEXCFTS_PERP_GIGA_USDT,2025-02-03 16:00:00,0.0001,8
MEXCFTS_PERP_GIGA_USDT,2025-02-04 00:00:00,0.0001,8
MEXCFTS_PERP_GIGA_USDT,2025-02-04 08:00:00,0.0001,8
MEXCFTS_PERP_GIGA_USDT,2025-02-04 16:00:00,0.0001,8
MEXCFTS_PERP_GIGA_USDT,2025-02-05 00:00:00,0.0001,8
MEXCFTS_PERP_GIGA_USDT,2025-02-05 08:00:00,0.0001,8
MEXCFTS_PERP_GIGA_USDT,2025-02-05 16:00:00,0.0001,8
MEXCFTS_PERP_GIGA_USDT,2025-02-06 00:00:00,0.0001,8
MEXCFTS_PERP_GIGA_USDT,2025-02-06 08:00:00,0.0001,8
MEXCFTS_PERP_GIGA_USDT,2025-02-06 16:00:00,0.0001,8
MEXCFTS_PERP_GIGA_USDT,2025-02-07 00:00:00,0.0001,8
MEXCFTS_PERP_GIGA_USDT,2025-02-07 08:00:00,0.0001,8
MEXCFTS_PERP_GIGA_USDT,2025-02-07 16:00:00,0.0001,8
MEXCFTS_PERP_GIGA_USDT,2025-02-08 00:00:00,0.0001,8
MEXCFTS_PERP_GIGA_USDT,2025-02-08 08:00:00,0.0001,8
MEXCFTS_PERP_GIGA_USDT,2025-02-08 16:00:00,0.0001,8
MEXCFTS_PERP_GIGA_USDT,2025-02-09 00:00:00,0.0001,8
MEXCFTS_PERP_GIGA_USDT,2025-02-09 08:00:00,0.0001,8
MEXCFTS_PERP_GIGA_USDT,2025-02-09 16:00:00,0.0001,8
MEXCFTS_PERP_GIGA_USDT,2025-02-10 00:00:00,0.0001,8
MEXCFTS_PERP_GIGA_USDT,2025-02-10 08:00:00,0.0001,8
MEXCFTS_PERP_GIGA_USDT,2025-02-10 16:00:00,0.0001,8
MEXCFTS_PERP_GIGA_USDT,2025-02-11 00:00:00,0.0001,8
MEXCFTS_PERP_GIGA_USDT,2025-02-11 08:00:00,0.0001,8
MEXCFTS_PERP_GIGA_USDT,2025-02-11 16:00:00,0.0001,8
MEXCFTS_PERP_GIGA_USDT,2025-02-12 00:00:00,0.0001,8
MEXCFTS_PERP_GIGA_USDT,2025-02-12 08:00:00,0.0001,8
MEXCFTS_PERP_GIGA_USDT,2025-02-12 16:00:00,0.0001,8
MEXCFTS_PERP_GIGA_USDT,2025-02-13 00:00:00,0.0001,8
MEXCFTS_PERP_GIGA_USDT,2025-02-13 08:00:00,0.0001,8
MEXCFTS_PERP_GIGA_USDT,2025-02-13 16:00:00,0.0001,8
MEXCFTS_PERP_GIGA_USDT,2025-02-14 00:00:00,0.0001,8
MEXCFTS_PERP_GIGA_USDT,2025-02-14 08:00:00,0.0001,8
MEXCFTS_PERP_GIGA_USDT,2025-02-14 16:00:00,0.0001,8
MEXCFTS_PERP_GIGA_USDT,2025-02-15 00:00:00,0.0001,8
MEXCFTS_PERP_GIGA_USDT,2025-02-15 08:00:00,0.0001,8
MEXCFTS_PERP_GIGA_USDT,2025-02-15 16:00:00,0.0001,8
MEXCFTS_PERP_GIGA_USDT,2025-02-16 00:00:00,0.0001,8
MEXCFTS_PERP_GIGA_USDT,2025-02-16 08:00:00,0.0001,8
MEXCFTS_PERP_GIGA_USDT,2025-02-16 16:00:00,0.0001,8
MEXCFTS_PERP_GIGA_USDT,2025-02-17 00:00:00,0.0001,8
MEXCFTS_PERP_GIGA_USDT,2025-02-17 08:00:00,0.0001,8
MEXCFTS_PERP_GIGA_USDT,2025-02-17 16:00:00,0.0001,8
MEXCFTS_PERP_GIGA_USDT,2025-02-18 00:00:00,0.0001,8
MEXCFTS_PERP_GIGA_USDT,2025-02-18 08:00:00,0.0001,8
MEXCFTS_PERP_GIGA_USDT,2025-02-18 16:00:00,0.0001,8
MEXCFTS_PERP_GIGA_USDT,2025-02-19 00:00:00,0.0001,8
MEXCFTS_PERP_GIGA_USDT,2025-02-19 08:00:00,0.0001,8
MEXCFTS_PERP_GIGA_USDT,2025-02-19 16:00:00,0.0001,8
MEXCFTS_PERP_GIGA_USDT,2025-02-20 00:00:00,0.0001,8
MEXCFTS_PERP_GIGA_USDT,2025-02-20 08:00:00,0.0001,8
MEXCFTS_PERP_GIGA_USDT,2025-02-20 16:00:00,0.0001,8
MEXCFTS_PERP_GIGA_USDT,2025-02-21 00:00:00,0.0001,8
MEXCFTS_PERP_GIGA_USDT,2025-02-21 08:00:00,0.0001,8
MEXCFTS_PERP_GIGA_USDT,2025-02-21 16:00:00,0.0001,8
MEXCFTS_PERP_GIGA_USDT,2025-02-22 00:00:00,0.0001,8
MEXCFTS_PERP_GIGA_USDT,2025-02-22 08:00:00,0.0001,8
MEXCFTS_PERP_GIGA_USDT,2025-02-22 16:00:00,0.0001,8
MEXCFTS_PERP_GIGA_USDT,2025-02-23 00:00:00,0.0001,8
MEXCFTS_PERP_GIGA_USDT,2025-02-23 08:00:00,0.0001,8
MEXCFTS_PERP_GIGA_USDT,2025-02-23 16:00:00,0.0001,8
MEXCFTS_PERP_GIGA_USDT,2025-02-24 00:00:00,0.0001,8
MEXCFTS_PERP_GIGA_USDT,2025-02-24 08:00:00,0.0001,8
MEXCFTS_PERP_GIGA_USDT,2025-02-24 16:00:00,0.0001,8
MEXCFTS_PERP_GIGA_USDT,2025-02-25 00:00:00,0.0001,8
MEXCFTS_PERP_GIGA_USDT,2025-02-25 08:00:00,0.0001,8
MEXCFTS_PERP_GIGA_USDT,2025-02-25 16:00:00,0.0001,8
MEXCFTS_PERP_GIGA_USDT,2025-02-26 00:00:00,0.0001,8
MEXCFTS_PERP_GIGA_USDT,2025-02-26 08:00:00,0.0001,8
MEXCFTS_PERP_GIGA_USDT,2025-02-26 16:00:00,0.0001,8
MEXCFTS_PERP_GIGA_USDT,2025-02-27 00:00:00,0.0001,8
MEXCFTS_PERP_GIGA_USDT,2025-02-27 08:00:00,0.0001,8
MEXCFTS_PERP_GIGA_USDT,2025-02-27 16:00:00,0.0001,8
MEXCFTS_PERP_GIGA_USDT,2025-02-28 00:00:00,0.0001,8
MEXCFTS_PERP_GIGA_USDT,2025-02-28 08:00:00,0.0001,8
MEXCFTS_PERP_GIGA_USDT,2025-02-28 16:00:00,0.0001,8
MEXCFTS_PERP_GIGA_USDT,2025-03-01 00:00:00,0.0001,8
MEXCFTS_PERP_GIGA_USDT,2025-03-01 08:00:00,0.0001,8
MEXCFTS_PERP_GIGA_USDT,2025-03-01 16:00:00,0.0001,8
MEXCFTS_PERP_GIGA_USDT,2025-03-02 00:00:00,0.0001,8
MEXCFTS_PERP_GIGA_USDT,2025-03-02 08:00:00,0.0001,8
MEXCFTS_PERP_GIGA_USDT,2025-03-02 16:00:00,0.0001,8
MEXCFTS_PERP_GIGA_USDT,2025-03-03 00:00:00,0.0001,8
MEXCFTS_PERP_GIGA_USDT,2025-03-03 08:00:00,0.0001,8
MEXCFTS_PERP_GIGA_USDT,2025-03-03 16:00:00,0.0001,8
MEXCFTS_PERP_GIGA_USDT,2025-03-04 00:00:00,0.0001,8
MEXCFTS_PERP_GIGA_USDT,2025-03-04 08:00:00,0.0001,8
MEXCFTS_PERP_GIGA_USDT,2025-03-04 16:00:00,0.0001,8
MEXCFTS_PERP_GIGA_USDT,2025-03-05 00:00:00,0.0001,8
MEXCFTS_PERP_GIGA_USDT,2025-03-05 08:00:00,0.0001,8
MEXCFTS_PERP_GIGA_USDT,2025-03-05 16:00:00,0.0001,8
MEXCFTS_PERP_GIGA_USDT,2025-03-06 00:00:00,0.0001,8
MEXCFTS_PERP_GIGA_USDT,2025-03-06 08:00:00,0.0001,8
MEXCFTS_PERP_GIGA_USDT,2025-03-06 16:00:00,0.0001,8
MEXCFTS_PERP_GIGA_USDT,2025-03-07 00:00:00,0.0001,8
MEXCFTS_PERP_GIGA_USDT,2025-03-07 08:00:00,0.0001,8
MEXCFTS_PERP_GIGA_USDT,2025-03-07 16:00:00,0.0001,8
MEXCFTS_PERP_GIGA_USDT,2025-03-08 00:00:00,0.0001,8
MEXCFTS_PERP_GIGA_USDT,2025-03-08 08:00:00,0.0001,8
MEXCFTS_PERP_GIGA_USDT,2025-03-08 16:00:00,0.0001,8
MEXCFTS_PERP_GIGA_USDT,2025-03-09 00:00:00,0.0001,8
MEXCFTS_PERP_GIGA_USDT,2025-03-09 08:00:00,0.0001,8
MEXCFTS_PERP_GIGA_USDT,2025-03-09 16:00:00,0.0001,8
MEXCFTS_PERP_GIGA_USDT,2025-03-10 00:00:00,0.0001,8
MEXCFTS_PERP_GIGA_USDT,2025-03-10 08:00:00,0.0001,8
MEXCFTS_PERP_GIGA_USDT,2025-03-10 16:00:00,0.0001,8
MEXCFTS_PERP_GIGA_USDT,2025-03-11 00:00:00,0.0001,8
MEXCFTS_PERP_GIGA_USDT,2025-03-11 08:00:00,0.0001,8
MEXCFTS_PERP_GIGA_USDT,2025-03-11 16:00:00,0.0001,8
MEXCFTS_PERP_GIGA_USDT,2025-03-12 00:00:00,-0.001221,8
MEXCFTS_PERP_GIGA_USDT,2025-03-12 08:00:00,-0.0075,8
MEXCFTS_PERP_GIGA_USDT,2025-03-12 12:00:00,5e-05,4
MEXCFTS_PERP_GIGA_USDT,2025-03-12 16:00:00,-0.01,4
MEXCFTS_PERP_GIGA_USDT,2025-03-12 20:00:00,-0.01,4
MEXCFTS_PERP_GIGA_USDT,2025-03-13 00:00:00,-0.000196,4
MEXCFTS_PERP_GIGA_USDT,2025-03-13 04:00:00,5e-05,4
MEXCFTS_PERP_GIGA_USDT,2025-03-13 08:00:00,5e-05,4
MEXCFTS_PERP_GIGA_USDT,2025-03-13 12:00:00,5e-05,4
MEXCFTS_PERP_GIGA_USDT,2025-03-13 16:00:00,5e-05,4
MEXCFTS_PERP_GIGA_USDT,2025-03-13 20:00:00,5e-05,4
MEXCFTS_PERP_GIGA_USDT,2025-03-14 00:00:00,5e-05,4
MEXCFTS_PERP_GIGA_USDT,2025-03-14 04:00:00,5e-05,4
MEXCFTS_PERP_GIGA_USDT,2025-03-14 08:00:00,5e-05,4
MEXCFTS_PERP_GIGA_USDT,2025-03-14 12:00:00,4.9e-05,4
MEXCFTS_PERP_GIGA_USDT,2025-03-14 16:00:00,-0.003363,4
MEXCFTS_PERP_GIGA_USDT,2025-03-14 20:00:00,5e-05,4
MEXCFTS_PERP_GIGA_USDT,2025-03-15 00:00:00,5e-05,4
MEXCFTS_PERP_GIGA_USDT,2025-03-15 04:00:00,5e-05,4
MEXCFTS_PERP_GIGA_USDT,2025-03-15 08:00:00,5e-05,4
MEXCFTS_PERP_GIGA_USDT,2025-03-15 12:00:00,5e-05,4
MEXCFTS_PERP_GIGA_USDT,2025-03-15 16:00:00,5e-05,4
MEXCFTS_PERP_GIGA_USDT,2025-03-15 20:00:00,-0.000241,4
MEXCFTS_PERP_GIGA_USDT,2025-03-16 00:00:00,-0.000348,4
MEXCFTS_PERP_GIGA_USDT,2025-03-16 04:00:00,-0.002062,4
MEXCFTS_PERP_GIGA_USDT,2025-03-16 08:00:00,-0.000575,4
MEXCFTS_PERP_GIGA_USDT,2025-03-16 12:00:00,-0.002012,4
MEXCFTS_PERP_GIGA_USDT,2025-03-16 16:00:00,5e-05,4
MEXCFTS_PERP_GIGA_USDT,2025-03-16 20:00:00,-0.000129,4
MEXCFTS_PERP_GIGA_USDT,2025-03-17 00:00:00,-0.000175,4
MEXCFTS_PERP_GIGA_USDT,2025-03-17 04:00:00,5e-05,4
MEXCFTS_PERP_GIGA_USDT,2025-03-17 08:00:00,5e-05,4
MEXCFTS_PERP_GIGA_USDT,2025-03-17 12:00:00,5e-05,4
MEXCFTS_PERP_GIGA_USDT,2025-03-17 16:00:00,5e-05,4
MEXCFTS_PERP_GIGA_USDT,2025-03-17 20:00:00,5e-05,4
MEXCFTS_PERP_GIGA_USDT,2025-03-18 00:00:00,5e-05,4
MEXCFTS_PERP_GIGA_USDT,2025-03-18 04:00:00,5e-05,4
MEXCFTS_PERP_GIGA_USDT,2025-03-18 08:00:00,5e-05,4
MEXCFTS_PERP_GIGA_USDT,2025-03-18 12:00:00,-0.002972,4
MEXCFTS_PERP_GIGA_USDT,2025-03-18 16:00:00,-0.002694,4
MEXCFTS_PERP_GIGA_USDT,2025-03-18 20:00:00,5e-05,4
MEXCFTS_PERP_GIGA_USDT,2025-03-19 00:00:00,-0.000354,4
MEXCFTS_PERP_GIGA_USDT,2025-03-19 04:00:00,5e-05,4
MEXCFTS_PERP_GIGA_USDT,2025-03-19 08:00:00,5e-05,4
MEXCFTS_PERP_GIGA_USDT,2025-03-19 12:00:00,5e-05,4
MEXCFTS_PERP_GIGA_USDT,2025-03-19 16:00:00,5e-05,4
MEXCFTS_PERP_GIGA_USDT,2025-03-19 20:00:00,5e-05,4
MEXCFTS_PERP_GIGA_USDT,2025-03-20 00:00:00,5e-05,4
MEXCFTS_PERP_GIGA_USDT,2025-03-20 04:00:00,5e-05,4
MEXCFTS_PERP_GIGA_USDT,2025-03-20 08:00:00,5e-05,4
MEXCFTS_PERP_GIGA_USDT,2025-03-20 12:00:00,5e-05,4
MEXCFTS_PERP_GIGA_USDT,2025-03-20 16:00:00,5e-05,4
MEXCFTS_PERP_GIGA_USDT,2025-03-20 20:00:00,5e-05,4
MEXCFTS_PERP_GIGA_USDT,2025-03-21 00:00:00,5e-05,4
MEXCFTS_PERP_GIGA_USDT,2025-03-21 04:00:00,5e-05,4
MEXCFTS_PERP_GIGA_USDT,2025-03-21 08:00:00,3.4e-05,4
MEXCFTS_PERP_GIGA_USDT,2025-03-21 12:00:00,-0.000475,4
MEXCFTS_PERP_GIGA_USDT,2025-03-21 16:00:00,-0.000356,4
MEXCFTS_PERP_GIGA_USDT,2025-03-21 20:00:00,5e-05,4
MEXCFTS_PERP_GIGA_USDT,2025-03-22 00:00:00,5e-05,4
MEXCFTS_PERP_GIGA_USDT,2025-03-22 04:00:00,5e-05,4
MEXCFTS_PERP_GIGA_USDT,2025-03-22 08:00:00,5e-05,4
MEXCFTS_PERP_GIGA_USDT,2025-03-22 12:00:00,5e-05,4
MEXCFTS_PERP_GIGA_USDT,2025-03-22 16:00:00,5e-05,4
MEXCFTS_PERP_GIGA_USDT,2025-03-22 20:00:00,5e-05,4
MEXCFTS_PERP_GIGA_USDT,2025-03-23 00:00:00,5e-05,4
MEXCFTS_PERP_GIGA_USDT,2025-03-23 04:00:00,5e-05,4
MEXCFTS_PERP_GIGA_USDT,2025-03-23 08:00:00,5e-05,4
MEXCFTS_PERP_GIGA_USDT,2025-03-23 12:00:00,5e-05,4
MEXCFTS_PERP_GIGA_USDT,2025-03-23 16:00:00,5e-05,4
MEXCFTS_PERP_GIGA_USDT,2025-03-23 20:00:00,5e-05,4
MEXCFTS_PERP_GIGA_USDT,2025-03-24 00:00:00,5e-05,4
MEXCFTS_PERP_GIGA_USDT,2025-03-24 04:00:00,5e-05,4
MEXCFTS_PERP_GIGA_USDT,2025-03-24 08:00:00,5e-05,4
MEXCFTS_PERP_GIGA_USDT,2025-03-24 12:00:00,5e-05,4
MEXCFTS_PERP_GIGA_USDT,2025-03-24 16:00:00,5e-05,4
MEXCFTS_PERP_GIGA_USDT,2025-03-24 20:00:00,5e-05,4
MEXCFTS_PERP_GIGA_USDT,2025-03-25 00:00:00,5e-05,4
MEXCFTS_PERP_GIGA_USDT,2025-03-25 04:00:00,5e-05,4
MEXCFTS_PERP_GIGA_USDT,2025-03-25 08:00:00,5e-05,4
MEXCFTS_PERP_GIGA_USDT,2025-03-25 12:00:00,5e-05,4
MEXCFTS_PERP_GIGA_USDT,2025-03-25 16:00:00,-0.000473,4
MEXCFTS_PERP_GIGA_USDT,2025-03-25 20:00:00,5e-05,4
MEXCFTS_PERP_GIGA_USDT,2025-03-26 00:00:00,-0.000807,4
MEXCFTS_PERP_GIGA_USDT,2025-03-26 04:00:00,5e-05,4
MEXCFTS_PERP_GIGA_USDT,2025-03-26 08:00:00,-0.009664,4
MEXCFTS_PERP_GIGA_USDT,2025-03-26 12:00:00,-0.003414,4
MEXCFTS_PERP_GIGA_USDT,2025-03-26 16:00:00,5e-05,4
MEXCFTS_PERP_GIGA_USDT,2025-03-26 20:00:00,5e-05,4
MEXCFTS_PERP_GIGA_USDT,2025-03-27 00:00:00,5e-05,4
MEXCFTS_PERP_GIGA_USDT,2025-03-27 04:00:00,5e-05,4
MEXCFTS_PERP_GIGA_USDT,2025-03-27 08:00:00,5e-05,4
MEXCFTS_PERP_GIGA_USDT,2025-03-27 12:00:00,5e-05,4
MEXCFTS_PERP_GIGA_USDT,2025-03-27 16:00:00,5e-05,4
MEXCFTS_PERP_GIGA_USDT,2025-03-27 20:00:00,5e-05,4
MEXCFTS_PERP_GIGA_USDT,2025-03-28 00:00:00,5e-05,4
MEXCFTS_PERP_GIGA_USDT,2025-03-28 04:00:00,5e-05,4
MEXCFTS_PERP_GIGA_USDT,2025-03-28 08:00:00,5e-05,4
MEXCFTS_PERP_GIGA_USDT,2025-03-28 12:00:00,5e-05,4
MEXCFTS_PERP_GIGA_USDT,2025-03-28 16:00:00,5e-05,4
MEXCFTS_PERP_GIGA_USDT,2025-03-28 20:00:00,5e-05,4
MEXCFTS_PERP_GIGA_USDT,2025-03-29 00:00:00,5e-05,4
MEXCFTS_PERP_GIGA_USDT,2025-03-29 04:00:00,5e-05,4
MEXCFTS_PERP_GIGA_USDT,2025-03-29 08:00:00,5e-05,4
MEXCFTS_PERP_GIGA_USDT,2025-03-29 12:00:00,5e-05,4
MEXCFTS_PERP_GIGA_USDT,2025-03-29 16:00:00,5e-05,4
MEXCFTS_PERP_GIGA_USDT,2025-03-29 20:00:00,5e-05,4
MEXCFTS_PERP_GIGA_USDT,2025-03-30 00:00:00,-3.4e-05,4
MEXCFTS_PERP_GIGA_USDT,2025-03-30 04:00:00,-0.000475,4
MEXCFTS_PERP_GIGA_USDT,2025-03-30 08:00:00,-0.000149,4
MEXCFTS_PERP_GIGA_USDT,2025-03-30 12:00:00,5e-05,4
MEXCFTS_PERP_GIGA_USDT,2025-03-30 16:00:00,5e-05,4
MEXCFTS_PERP_GIGA_USDT,2025-03-30 20:00:00,5e-05,4
MEXCFTS_PERP_GIGA_USDT,2025-03-31 00:00:00,1.8e-05,4
MEXCFTS_PERP_GIGA_USDT,2025-03-31 04:00:00,5e-05,4
MEXCFTS_PERP_GIGA_USDT,2025-03-31 08:00:00,5e-05,4
MEXCFTS_PERP_GIGA_USDT,2025-03-31 12:00:00,5e-05,4
MEXCFTS_PERP_GIGA_USDT,2025-03-31 16:00:00,-0.000767,4
MEXCFTS_PERP_GIGA_USDT,2025-03-31 20:00:00,5e-05,4
MEXCFTS_PERP_GIGA_USDT,2025-04-01 00:00:00,5e-05,4
MEXCFTS_PERP_GIGA_USDT,2025-04-01 04:00:00,5e-05,4
MEXCFTS_PERP_GIGA_USDT,2025-04-01 08:00:00,5e-05,4
MEXCFTS_PERP_GIGA_USDT,2025-04-01 12:00:00,5e-05,4
MEXCFTS_PERP_GIGA_USDT,2025-04-01 16:00:00,5e-05,4
MEXCFTS_PERP_GIGA_USDT,2025-04-01 20:00:00,5e-05,4
MEXCFTS_PERP_GIGA_USDT,2025-04-02 00:00:00,5e-05,4
MEXCFTS_PERP_GIGA_USDT,2025-04-02 04:00:00,5e-05,4
MEXCFTS_PERP_GIGA_USDT,2025-04-02 08:00:00,5e-05,4
MEXCFTS_PERP_GIGA_USDT,2025-04-02 12:00:00,5e-05,4
MEXCFTS_PERP_GIGA_USDT,2025-04-02 16:00:00,5e-05,4
MEXCFTS_PERP_GIGA_USDT,2025-04-02 20:00:00,5e-05,4
MEXCFTS_PERP_GIGA_USDT,2025-04-03 00:00:00,2e-06,4
MEXCFTS_PERP_GIGA_USDT,2025-04-03 04:00:00,5e-05,4
MEXCFTS_PERP_GIGA_USDT,2025-04-03 08:00:00,5e-05,4
MEXCFTS_PERP_GIGA_USDT,2025-04-03 12:00:00,5e-05,4
MEXCFTS_PERP_GIGA_USDT,2025-04-03 16:00:00,3.1e-05,4
MEXCFTS_PERP_GIGA_USDT,2025-04-03 20:00:00,-0.000426,4
MEXCFTS_PERP_GIGA_USDT,2025-04-04 00:00:00,-0.000576,4
MEXCFTS_PERP_GIGA_USDT,2025-04-04 04:00:00,-5.2e-05,4
MEXCFTS_PERP_GIGA_USDT,2025-04-04 08:00:00,5e-05,4
MEXCFTS_PERP_GIGA_USDT,2025-04-04 12:00:00,5e-05,4
MEXCFTS_PERP_GIGA_USDT,2025-04-04 16:00:00,5e-05,4
MEXCFTS_PERP_GIGA_USDT,2025-04-04 20:00:00,5e-05,4
MEXCFTS_PERP_GIGA_USDT,2025-04-05 00:00:00,5e-05,4
MEXCFTS_PERP_GIGA_USDT,2025-04-05 04:00:00,5e-05,4
MEXCFTS_PERP_GIGA_USDT,2025-04-05 08:00:00,5e-05,4
MEXCFTS_PERP_GIGA_USDT,2025-04-05 12:00:00,5e-05,4
MEXCFTS_PERP_GIGA_USDT,2025-04-05 16:00:00,5e-05,4
MEXCFTS_PERP_GIGA_USDT,2025-04-05 20:00:00,-0.000147,4
MEXCFTS_PERP_GIGA_USDT,2025-04-06 00:00:00,-0.000291,4
MEXCFTS_PERP_GIGA_USDT,2025-04-06 04:00:00,-0.00031,4
MEXCFTS_PERP_GIGA_USDT,2025-04-06 08:00:00,-0.000467,4
MEXCFTS_PERP_GIGA_USDT,2025-04-06 12:00:00,-8.1e-05,4
MEXCFTS_PERP_GIGA_USDT,2025-04-06 16:00:00,5e-05,4
MEXCFTS_PERP_GIGA_USDT,2025-04-06 20:00:00,5e-05,4
MEXCFTS_PERP_GIGA_USDT,2025-04-07 00:00:00,5e-05,4
MEXCFTS_PERP_GIGA_USDT,2025-04-07 04:00:00,5e-05,4
MEXCFTS_PERP_GIGA_USDT,2025-04-07 08:00:00,5e-05,4
MEXCFTS_PERP_GIGA_USDT,2025-04-07 12:00:00,5e-05,4
MEXCFTS_PERP_GIGA_USDT,2025-04-07 16:00:00,5e-05,4
MEXCFTS_PERP_GIGA_USDT,2025-04-07 20:00:00,-0.000616,4
MEXCFTS_PERP_GIGA_USDT,2025-04-08 00:00:00,5e-05,4
MEXCFTS_PERP_GIGA_USDT,2025-04-08 04:00:00,5e-05,4
MEXCFTS_PERP_GIGA_USDT,2025-04-08 08:00:00,5e-05,4
MEXCFTS_PERP_GIGA_USDT,2025-04-08 12:00:00,5e-05,4
MEXCFTS_PERP_GIGA_USDT,2025-04-08 16:00:00,5e-05,4
MEXCFTS_PERP_GIGA_USDT,2025-04-08 20:00:00,-7.3e-05,4
MEXCFTS_PERP_GIGA_USDT,2025-04-09 00:00:00,5e-05,4
MEXCFTS_PERP_GIGA_USDT,2025-04-09 04:00:00,5e-05,4
MEXCFTS_PERP_GIGA_USDT,2025-04-09 08:00:00,5e-05,4
MEXCFTS_PERP_GIGA_USDT,2025-04-09 12:00:00,5e-05,4
MEXCFTS_PERP_GIGA_USDT,2025-04-09 16:00:00,5e-05,4
MEXCFTS_PERP_GIGA_USDT,2025-04-09 20:00:00,-0.000445,4
MEXCFTS_PERP_GIGA_USDT,2025-04-10 00:00:00,5e-05,4
MEXCFTS_PERP_GIGA_USDT,2025-04-10 04:00:00,5e-05,4
MEXCFTS_PERP_GIGA_USDT,2025-04-10 08:00:00,5e-05,4
MEXCFTS_PERP_GIGA_USDT,2025-04-10 12:00:00,5e-05,4
MEXCFTS_PERP_GIGA_USDT,2025-04-10 16:00:00,5e-05,4
MEXCFTS_PERP_GIGA_USDT,2025-04-10 20:00:00,5e-05,4
MEXCFTS_PERP_GIGA_USDT,2025-04-11 00:00:00,5e-05,4
MEXCFTS_PERP_GIGA_USDT,2025-04-11 04:00:00,5e-05,4
MEXCFTS_PERP_GIGA_USDT,2025-04-11 08:00:00,5e-05,4
MEXCFTS_PERP_GIGA_USDT,2025-04-11 12:00:00,5e-05,4
MEXCFTS_PERP_GIGA_USDT,2025-04-11 16:00:00,5e-05,4
MEXCFTS_PERP_GIGA_USDT,2025-04-11 20:00:00,5e-05,4
MEXCFTS_PERP_GIGA_USDT,2025-04-12 00:00:00,5e-05,4
MEXCFTS_PERP_GIGA_USDT,2025-04-12 04:00:00,5e-05,4
MEXCFTS_PERP_GIGA_USDT,2025-04-12 08:00:00,5e-05,4
MEXCFTS_PERP_GIGA_USDT,2025-04-12 12:00:00,5e-05,4
MEXCFTS_PERP_GIGA_USDT,2025-04-12 16:00:00,5e-05,4
MEXCFTS_PERP_GIGA_USDT,2025-04-12 20:00:00,5e-05,4
MEXCFTS_PERP_GIGA_USDT,2025-04-13 00:00:00,5e-05,4
MEXCFTS_PERP_GIGA_USDT,2025-04-13 04:00:00,5e-05,4
MEXCFTS_PERP_GIGA_USDT,2025-04-13 08:00:00,5e-05,4
MEXCFTS_PERP_GIGA_USDT,2025-04-13 12:00:00,5e-05,4
MEXCFTS_PERP_GIGA_USDT,2025-04-13 16:00:00,5e-05,4
MEXCFTS_PERP_GIGA_USDT,2025-04-13 20:00:00,5e-05,4
MEXCFTS_PERP_GIGA_USDT,2025-04-14 00:00:00,-0.000123,4
MEXCFTS_PERP_GIGA_USDT,2025-04-14 04:00:00,5e-05,4
MEXCFTS_PERP_GIGA_USDT,2025-04-14 08:00:00,5e-05,4
MEXCFTS_PERP_GIGA_USDT,2025-04-14 12:00:00,5e-05,4
MEXCFTS_PERP_GIGA_USDT,2025-04-14 16:00:00,5e-05,4
MEXCFTS_PERP_GIGA_USDT,2025-04-14 20:00:00,5e-05,4
MEXCFTS_PERP_GIGA_USDT,2025-04-15 00:00:00,5e-05,4
MEXCFTS_PERP_GIGA_USDT,2025-04-15 04:00:00,5e-05,4
MEXCFTS_PERP_GIGA_USDT,2025-04-15 08:00:00,5e-05,4
MEXCFTS_PERP_GIGA_USDT,2025-04-15 12:00:00,5e-05,4
MEXCFTS_PERP_GIGA_USDT,2025-04-15 16:00:00,5e-05,4
MEXCFTS_PERP_GIGA_USDT,2025-04-15 20:00:00,5e-05,4
MEXCFTS_PERP_GIGA_USDT,2025-04-16 00:00:00,5e-05,4
MEXCFTS_PERP_GIGA_USDT,2025-04-16 04:00:00,5e-05,4
MEXCFTS_PERP_GIGA_USDT,2025-04-16 08:00:00,5e-05,4
MEXCFTS_PERP_GIGA_USDT,2025-04-16 12:00:00,5e-05,4
MEXCFTS_PERP_GIGA_USDT,2025-04-16 16:00:00,5e-05,4
MEXCFTS_PERP_GIGA_USDT,2025-04-16 20:00:00,5e-05,4
MEXCFTS_PERP_GIGA_USDT,2025-04-17 00:00:00,5e-05,4
MEXCFTS_PERP_GIGA_USDT,2025-04-17 04:00:00,5e-05,4
MEXCFTS_PERP_GIGA_USDT,2025-04-17 08:00:00,5e-05,4
MEXCFTS_PERP_GIGA_USDT,2025-04-17 12:00:00,5e-05,4
MEXCFTS_PERP_GIGA_USDT,2025-04-17 16:00:00,5e-05,4
MEXCFTS_PERP_GIGA_USDT,2025-04-17 20:00:00,5e-05,4
MEXCFTS_PERP_GIGA_USDT,2025-04-18 00:00:00,5e-05,4
MEXCFTS_PERP_GIGA_USDT,2025-04-18 04:00:00,5e-05,4
MEXCFTS_PERP_GIGA_USDT,2025-04-18 08:00:00,5e-05,4
MEXCFTS_PERP_GIGA_USDT,2025-04-18 12:00:00,5e-05,4
MEXCFTS_PERP_GIGA_USDT,2025-04-18 16:00:00,5e-05,4
MEXCFTS_PERP_GIGA_USDT,2025-04-18 20:00:00,5e-05,4
MEXCFTS_PERP_GIGA_USDT,2025-04-19 00:00:00,5e-05,4
MEXCFTS_PERP_GIGA_USDT,2025-04-19 04:00:00,5e-05,4
MEXCFTS_PERP_GIGA_USDT,2025-04-19 08:00:00,5e-05,4
MEXCFTS_PERP_GIGA_USDT,2025-04-19 12:00:00,5e-05,4
MEXCFTS_PERP_GIGA_USDT,2025-04-19 16:00:00,5e-05,4
MEXCFTS_PERP_GIGA_USDT,2025-04-19 20:00:00,5e-05,4
MEXCFTS_PERP_GIGA_USDT,2025-04-20 00:00:00,5e-05,4
MEXCFTS_PERP_GIGA_USDT,2025-04-20 04:00:00,5e-05,4
MEXCFTS_PERP_GIGA_USDT,2025-04-20 08:00:00,5e-05,4
MEXCFTS_PERP_GIGA_USDT,2025-04-20 12:00:00,5e-05,4
MEXCFTS_PERP_GIGA_USDT,2025-04-20 16:00:00,5e-05,4
MEXCFTS_PERP_GIGA_USDT,2025-04-20 20:00:00,5e-05,4
MEXCFTS_PERP_GIGA_USDT,2025-04-21 00:00:00,5e-05,4
MEXCFTS_PERP_GIGA_USDT,2025-04-21 04:00:00,5e-05,4
MEXCFTS_PERP_GIGA_USDT,2025-04-21 08:00:00,5e-05,4
MEXCFTS_PERP_GIGA_USDT,2025-04-21 12:00:00,5e-05,4
MEXCFTS_PERP_GIGA_USDT,2025-04-21 16:00:00,5e-05,4
MEXCFTS_PERP_GIGA_USDT,2025-04-21 20:00:00,5e-05,4
MEXCFTS_PERP_GIGA_USDT,2025-04-22 00:00:00,5e-05,4
MEXCFTS_PERP_GIGA_USDT,2025-04-22 04:00:00,5e-05,4
MEXCFTS_PERP_GIGA_USDT,2025-04-22 08:00:00,5e-05,4
MEXCFTS_PERP_GIGA_USDT,2025-04-22 12:00:00,5e-05,4
MEXCFTS_PERP_GIGA_USDT,2025-04-22 16:00:00,5e-05,4
MEXCFTS_PERP_GIGA_USDT,2025-04-22 20:00:00,5e-05,4
MEXCFTS_PERP_GIGA_USDT,2025-04-23 00:00:00,5e-05,4
MEXCFTS_PERP_GIGA_USDT,2025-04-23 04:00:00,5e-05,4
MEXCFTS_PERP_GIGA_USDT,2025-04-23 08:00:00,5e-05,4
MEXCFTS_PERP_GIGA_USDT,2025-04-23 12:00:00,5e-05,4
MEXCFTS_PERP_GIGA_USDT,2025-04-23 16:00:00,5e-05,4
MEXCFTS_PERP_GIGA_USDT,2025-04-23 20:00:00,5e-05,4
MEXCFTS_PERP_GIGA_USDT,2025-04-24 00:00:00,5e-05,4
MEXCFTS_PERP_GIGA_USDT,2025-04-24 04:00:00,5e-05,4
MEXCFTS_PERP_GIGA_USDT,2025-04-24 08:00:00,5e-05,4
MEXCFTS_PERP_GIGA_USDT,2025-04-24 12:00:00,5e-05,4
MEXCFTS_PERP_GIGA_USDT,2025-04-24 16:00:00,5e-05,4
MEXCFTS_PERP_GIGA_USDT,2025-04-24 20:00:00,5e-05,4
MEXCFTS_PERP_GIGA_USDT,2025-04-25 00:00:00,5e-05,4
MEXCFTS_PERP_GIGA_USDT,2025-04-25 04:00:00,5e-05,4
MEXCFTS_PERP_GIGA_USDT,2025-04-25 08:00:00,5e-05,4
MEXCFTS_PERP_GIGA_USDT,2025-04-25 12:00:00,5e-05,4
MEXCFTS_PERP_GIGA_USDT,2025-04-25 16:00:00,5e-05,4
MEXCFTS_PERP_GIGA_USDT,2025-04-25 20:00:00,5e-05,4
MEXCFTS_PERP_GIGA_USDT,2025-04-26 00:00:00,5e-05,4
MEXCFTS_PERP_GIGA_USDT,2025-04-26 04:00:00,5e-05,4
MEXCFTS_PERP_GIGA_USDT,2025-04-26 08:00:00,5e-05,4
MEXCFTS_PERP_GIGA_USDT,2025-04-26 12:00:00,5e-05,4
MEXCFTS_PERP_GIGA_USDT,2025-04-26 16:00:00,5e-05,4
MEXCFTS_PERP_GIGA_USDT,2025-04-26 20:00:00,5e-05,4
MEXCFTS_PERP_GIGA_USDT,2025-04-27 00:00:00,5e-05,4
MEXCFTS_PERP_GIGA_USDT,2025-04-27 04:00:00,5e-05,4
MEXCFTS_PERP_GIGA_USDT,2025-04-27 08:00:00,5e-05,4
MEXCFTS_PERP_GIGA_USDT,2025-04-27 12:00:00,5e-05,4
MEXCFTS_PERP_GIGA_USDT,2025-04-27 16:00:00,5e-05,4
MEXCFTS_PERP_GIGA_USDT,2025-04-27 20:00:00,5e-05,4
MEXCFTS_PERP_GIGA_USDT,2025-04-28 00:00:00,5e-05,4
MEXCFTS_PERP_GIGA_USDT,2025-04-28 04:00:00,5e-05,4
MEXCFTS_PERP_GIGA_USDT,2025-04-28 08:00:00,5e-05,4
MEXCFTS_PERP_GIGA_USDT,2025-04-28 12:00:00,5e-05,4
MEXCFTS_PERP_GIGA_USDT,2025-04-28 16:00:00,5e-05,4
MEXCFTS_PERP_GIGA_USDT,2025-04-28 20:00:00,5e-05,4
MEXCFTS_PERP_GIGA_USDT,2025-04-29 00:00:00,5e-05,4
MEXCFTS_PERP_GIGA_USDT,2025-04-29 04:00:00,5e-05,4
MEXCFTS_PERP_GIGA_USDT,2025-04-29 08:00:00,5e-05,4
MEXCFTS_PERP_GIGA_USDT,2025-04-29 12:00:00,5e-05,4
MEXCFTS_PERP_GIGA_USDT,2025-04-29 16:00:00,5e-05,4
MEXCFTS_PERP_GIGA_USDT,2025-04-29 20:00:00,5e-05,4
MEXCFTS_PERP_GIGA_USDT,2025-04-30 00:00:00,5e-05,4
MEXCFTS_PERP_GIGA_USDT,2025-04-30 04:00:00,5e-05,4
MEXCFTS_PERP_GIGA_USDT,2025-04-30 08:00:00,5e-05,4
MEXCFTS_PERP_GIGA_USDT,2025-04-30 12:00:00,5e-05,4
MEXCFTS_PERP_GIGA_USDT,2025-04-30 16:00:00,5e-05,4
MEXCFTS_PERP_GIGA_USDT,2025-04-30 20:00:00,5e-05,4
MEXCFTS_PERP_GIGA_USDT,2025-05-01 00:00:00,5e-05,4
MEXCFTS_PERP_GIGA_USDT,2025-05-01 04:00:00,5e-05,4
MEXCFTS_PERP_GIGA_USDT,2025-05-01 08:00:00,5e-05,4
MEXCFTS_PERP_GIGA_USDT,2025-05-01 12:00:00,5e-05,4
MEXCFTS_PERP_GIGA_USDT,2025-05-01 16:00:00,5e-05,4
MEXCFTS_PERP_GIGA_USDT,2025-05-01 20:00:00,5e-05,4
MEXCFTS_PERP_GIGA_USDT,2025-05-02 00:00:00,5e-05,4
MEXCFTS_PERP_GIGA_USDT,2025-05-02 04:00:00,5e-05,4
MEXCFTS_PERP_GIGA_USDT,2025-05-02 08:00:00,5e-05,4
MEXCFTS_PERP_GIGA_USDT,2025-05-02 12:00:00,5e-05,4
MEXCFTS_PERP_GIGA_USDT,2025-05-02 16:00:00,5e-05,4
MEXCFTS_PERP_GIGA_USDT,2025-05-02 20:00:00,5e-05,4
MEXCFTS_PERP_GIGA_USDT,2025-05-03 00:00:00,5e-05,4
MEXCFTS_PERP_GIGA_USDT,2025-05-03 04:00:00,5e-05,4
MEXCFTS_PERP_GIGA_USDT,2025-05-03 08:00:00,5e-05,4
MEXCFTS_PERP_GIGA_USDT,2025-05-03 12:00:00,5e-05,4
MEXCFTS_PERP_GIGA_USDT,2025-05-03 16:00:00,5e-05,4
MEXCFTS_PERP_GIGA_USDT,2025-05-03 20:00:00,5e-05,4
MEXCFTS_PERP_GIGA_USDT,2025-05-04 00:00:00,5e-05,4
MEXCFTS_PERP_GIGA_USDT,2025-05-04 04:00:00,5e-05,4
MEXCFTS_PERP_GIGA_USDT,2025-05-04 08:00:00,5e-05,4
MEXCFTS_PERP_GIGA_USDT,2025-05-04 12:00:00,5e-05,4
MEXCFTS_PERP_GIGA_USDT,2025-05-04 16:00:00,5e-05,4
MEXCFTS_PERP_GIGA_USDT,2025-05-04 20:00:00,5e-05,4
MEXCFTS_PERP_GIGA_USDT,2025-05-05 00:00:00,5e-05,4
MEXCFTS_PERP_GIGA_USDT,2025-05-05 04:00:00,5e-05,4
MEXCFTS_PERP_GIGA_USDT,2025-05-05 08:00:00,5e-05,4
MEXCFTS_PERP_GIGA_USDT,2025-05-05 12:00:00,5e-05,4
MEXCFTS_PERP_GIGA_USDT,2025-05-05 16:00:00,5e-05,4
MEXCFTS_PERP_GIGA_USDT,2025-05-05 20:00:00,5e-05,4
MEXCFTS_PERP_GIGA_USDT,2025-05-06 00:00:00,5e-05,4
MEXCFTS_PERP_GIGA_USDT,2025-05-06 04:00:00,5e-05,4
MEXCFTS_PERP_GIGA_USDT,2025-05-06 08:00:00,5e-05,4
MEXCFTS_PERP_GIGA_USDT,2025-05-06 12:00:00,5e-05,4
MEXCFTS_PERP_GIGA_USDT,2025-05-06 16:00:00,5e-05,4
MEXCFTS_PERP_GIGA_USDT,2025-05-06 20:00:00,5e-05,4
MEXCFTS_PERP_GIGA_USDT,2025-05-07 00:00:00,5e-05,4
MEXCFTS_PERP_GIGA_USDT,2025-05-07 04:00:00,5e-05,4
MEXCFTS_PERP_GIGA_USDT,2025-05-07 08:00:00,5e-05,4
MEXCFTS_PERP_GIGA_USDT,2025-05-07 12:00:00,5e-05,4
MEXCFTS_PERP_GIGA_USDT,2025-05-07 16:00:00,5e-05,4
MEXCFTS_PERP_GIGA_USDT,2025-05-07 20:00:00,5e-05,4
MEXCFTS_PERP_GIGA_USDT,2025-05-08 00:00:00,5e-05,4
MEXCFTS_PERP_GIGA_USDT,2025-05-08 04:00:00,5e-05,4
MEXCFTS_PERP_GIGA_USDT,2025-05-08 08:00:00,5e-05,4
MEXCFTS_PERP_GIGA_USDT,2025-05-08 12:00:00,5e-05,4
MEXCFTS_PERP_GIGA_USDT,2025-05-08 16:00:00,5e-05,4
MEXCFTS_PERP_GIGA_USDT,2025-05-08 20:00:00,5e-05,4
MEXCFTS_PERP_GIGA_USDT,2025-05-09 00:00:00,5e-05,4
MEXCFTS_PERP_GIGA_USDT,2025-05-09 04:00:00,5e-05,4
MEXCFTS_PERP_GIGA_USDT,2025-05-09 08:00:00,5e-05,4
MEXCFTS_PERP_GIGA_USDT,2025-05-09 12:00:00,5e-05,4
MEXCFTS_PERP_GIGA_USDT,2025-05-09 16:00:00,5e-05,4
MEXCFTS_PERP_GIGA_USDT,2025-05-09 20:00:00,5e-05,4
MEXCFTS_PERP_GIGA_USDT,2025-05-10 00:00:00,5e-05,4
MEXCFTS_PERP_GIGA_USDT,2025-05-10 04:00:00,5e-05,4
MEXCFTS_PERP_GIGA_USDT,2025-05-10 08:00:00,5e-05,4
MEXCFTS_PERP_GIGA_USDT,2025-05-10 12:00:00,5e-05,4
MEXCFTS_PERP_GIGA_USDT,2025-05-10 16:00:00,5e-05,4
MEXCFTS_PERP_GIGA_USDT,2025-05-10 20:00:00,5e-05,4
MEXCFTS_PERP_GIGA_USDT,2025-05-11 00:00:00,0.000167,4
MEXCFTS_PERP_GIGA_USDT,2025-05-11 04:00:00,5e-05,4
MEXCFTS_PERP_GIGA_USDT,2025-05-11 08:00:00,5e-05,4
MEXCFTS_PERP_GIGA_USDT,2025-05-11 12:00:00,5e-05,4
MEXCFTS_PERP_GIGA_USDT,2025-05-11 16:00:00,5e-05,4
MEXCFTS_PERP_GIGA_USDT,2025-05-11 20:00:00,5e-05,4
MEXCFTS_PERP_GIGA_USDT,2025-05-12 00:00:00,0.000589,4
MEXCFTS_PERP_GIGA_USDT,2025-05-12 04:00:00,0.000985,4
MEXCFTS_PERP_GIGA_USDT,2025-05-12 08:00:00,0.000671,4
MEXCFTS_PERP_GIGA_USDT,2025-05-12 12:00:00,8.3e-05,4
MEXCFTS_PERP_GIGA_USDT,2025-05-12 16:00:00,5e-05,4
MEXCFTS_PERP_GIGA_USDT,2025-05-12 20:00:00,5e-05,4
MEXCFTS_PERP_GIGA_USDT,2025-05-13 00:00:00,5e-05,4
MEXCFTS_PERP_GIGA_USDT,2025-05-13 04:00:00,0.000287,4
MEXCFTS_PERP_GIGA_USDT,2025-05-13 08:00:00,0.000813,4
MEXCFTS_PERP_GIGA_USDT,2025-05-13 12:00:00,5e-05,4
MEXCFTS_PERP_GIGA_USDT,2025-05-13 16:00:00,5e-05,4
MEXCFTS_PERP_GIGA_USDT,2025-05-13 20:00:00,0.000785,4
MEXCFTS_PERP_GIGA_USDT,2025-05-14 00:00:00,0.000239,4
MEXCFTS_PERP_GIGA_USDT,2025-05-14 04:00:00,5e-05,4
MEXCFTS_PERP_GIGA_USDT,2025-05-14 08:00:00,0.000326,4
MEXCFTS_PERP_GIGA_USDT,2025-05-14 12:00:00,0.000185,4
MEXCFTS_PERP_GIGA_USDT,2025-05-14 16:00:00,5e-05,4
MEXCFTS_PERP_SPX_USDT,2024-10-29 16:00:00,-0.000529,8
MEXCFTS_PERP_SPX_USDT,2024-10-30 00:00:00,-0.002484,8
MEXCFTS_PERP_SPX_USDT,2024-10-30 08:00:00,-0.001008,8
MEXCFTS_PERP_SPX_USDT,2024-10-30 16:00:00,0.0001,8
MEXCFTS_PERP_SPX_USDT,2024-10-31 00:00:00,-0.00204,8
MEXCFTS_PERP_SPX_USDT,2024-10-31 08:00:00,-0.000441,8
MEXCFTS_PERP_SPX_USDT,2024-10-31 16:00:00,-0.003718,8
MEXCFTS_PERP_SPX_USDT,2024-11-01 00:00:00,-0.000541,8
MEXCFTS_PERP_SPX_USDT,2024-11-01 08:00:00,-0.00313,8
MEXCFTS_PERP_SPX_USDT,2024-11-01 16:00:00,-0.00483,8
MEXCFTS_PERP_SPX_USDT,2024-11-02 00:00:00,-0.000823,8
MEXCFTS_PERP_SPX_USDT,2024-11-02 08:00:00,8.1e-05,8
MEXCFTS_PERP_SPX_USDT,2024-11-02 16:00:00,-0.001024,8
MEXCFTS_PERP_SPX_USDT,2024-11-03 00:00:00,0.0001,8
MEXCFTS_PERP_SPX_USDT,2024-11-03 08:00:00,-0.004062,8
MEXCFTS_PERP_SPX_USDT,2024-11-03 16:00:00,-0.003669,8
MEXCFTS_PERP_SPX_USDT,2024-11-04 00:00:00,-0.000512,8
MEXCFTS_PERP_SPX_USDT,2024-11-04 08:00:00,-0.000698,8
MEXCFTS_PERP_SPX_USDT,2024-11-04 16:00:00,-0.000902,8
MEXCFTS_PERP_SPX_USDT,2024-11-05 00:00:00,0.0001,8
MEXCFTS_PERP_SPX_USDT,2024-11-05 08:00:00,0.0001,8
MEXCFTS_PERP_SPX_USDT,2024-11-05 16:00:00,6.9e-05,8
MEXCFTS_PERP_SPX_USDT,2024-11-06 00:00:00,-6.3e-05,8
MEXCFTS_PERP_SPX_USDT,2024-11-06 08:00:00,0.0001,8
MEXCFTS_PERP_SPX_USDT,2024-11-06 16:00:00,0.000139,8
MEXCFTS_PERP_SPX_USDT,2024-11-07 00:00:00,0.00023,8
MEXCFTS_PERP_SPX_USDT,2024-11-07 08:00:00,0.000326,8
MEXCFTS_PERP_SPX_USDT,2024-11-07 16:00:00,0.0001,8
MEXCFTS_PERP_SPX_USDT,2024-11-08 00:00:00,0.000388,8
MEXCFTS_PERP_SPX_USDT,2024-11-08 08:00:00,0.0001,8
MEXCFTS_PERP_SPX_USDT,2024-11-08 16:00:00,0.0001,8
MEXCFTS_PERP_SPX_USDT,2024-11-09 00:00:00,0.00049,8
MEXCFTS_PERP_SPX_USDT,2024-11-09 08:00:00,0.0001,8
MEXCFTS_PERP_SPX_USDT,2024-11-09 16:00:00,0.0001,8
MEXCFTS_PERP_SPX_USDT,2024-11-10 00:00:00,0.002327,8
MEXCFTS_PERP_SPX_USDT,2024-11-10 08:00:00,0.000911,8
MEXCFTS_PERP_SPX_USDT,2024-11-10 16:00:00,0.002485,8
MEXCFTS_PERP_SPX_USDT,2024-11-11 00:00:00,0.001816,8
MEXCFTS_PERP_SPX_USDT,2024-11-11 08:00:00,0.002336,8
MEXCFTS_PERP_SPX_USDT,2024-11-11 16:00:00,0.001236,8
MEXCFTS_PERP_SPX_USDT,2024-11-12 00:00:00,0.001379,8
MEXCFTS_PERP_SPX_USDT,2024-11-12 08:00:00,0.001775,8
MEXCFTS_PERP_SPX_USDT,2024-11-12 16:00:00,0.0001,8
MEXCFTS_PERP_SPX_USDT,2024-11-13 00:00:00,0.000365,8
MEXCFTS_PERP_SPX_USDT,2024-11-13 08:00:00,0.0001,8
MEXCFTS_PERP_SPX_USDT,2024-11-13 16:00:00,0.003491,8
MEXCFTS_PERP_SPX_USDT,2024-11-14 00:00:00,0.004327,8
MEXCFTS_PERP_SPX_USDT,2024-11-14 08:00:00,0.005481,8
MEXCFTS_PERP_SPX_USDT,2024-11-14 16:00:00,0.002503,8
MEXCFTS_PERP_SPX_USDT,2024-11-15 00:00:00,0.00165,8
MEXCFTS_PERP_SPX_USDT,2024-11-15 08:00:00,0.004421,8
MEXCFTS_PERP_SPX_USDT,2024-11-15 16:00:00,0.003381,8
MEXCFTS_PERP_SPX_USDT,2024-11-16 00:00:00,0.002472,8
MEXCFTS_PERP_SPX_USDT,2024-11-16 08:00:00,0.001439,8
MEXCFTS_PERP_SPX_USDT,2024-11-16 16:00:00,0.000951,8
MEXCFTS_PERP_SPX_USDT,2024-11-17 00:00:00,0.002734,8
MEXCFTS_PERP_SPX_USDT,2024-11-17 08:00:00,0.00071,8
MEXCFTS_PERP_SPX_USDT,2024-11-17 16:00:00,0.00081,8
MEXCFTS_PERP_SPX_USDT,2024-11-18 00:00:00,0.000286,8
MEXCFTS_PERP_SPX_USDT,2024-11-18 08:00:00,0.003173,8
MEXCFTS_PERP_SPX_USDT,2024-11-18 16:00:00,0.001544,8
MEXCFTS_PERP_SPX_USDT,2024-11-19 00:00:00,0.004021,8
MEXCFTS_PERP_SPX_USDT,2024-11-19 08:00:00,0.002674,8
MEXCFTS_PERP_SPX_USDT,2024-11-19 16:00:00,0.001913,8
MEXCFTS_PERP_SPX_USDT,2024-11-20 00:00:00,0.000766,8
MEXCFTS_PERP_SPX_USDT,2024-11-20 08:00:00,0.001935,8
MEXCFTS_PERP_SPX_USDT,2024-11-20 16:00:00,0.000809,8
MEXCFTS_PERP_SPX_USDT,2024-11-21 00:00:00,0.0001,8
MEXCFTS_PERP_SPX_USDT,2024-11-21 08:00:00,0.000259,8
MEXCFTS_PERP_SPX_USDT,2024-11-21 16:00:00,0.0001,8
MEXCFTS_PERP_SPX_USDT,2024-11-22 00:00:00,0.0001,8
MEXCFTS_PERP_SPX_USDT,2024-11-22 08:00:00,0.0001,8
MEXCFTS_PERP_SPX_USDT,2024-11-22 16:00:00,0.0001,8
MEXCFTS_PERP_SPX_USDT,2024-11-23 00:00:00,0.0001,8
MEXCFTS_PERP_SPX_USDT,2024-11-23 08:00:00,0.0001,8
MEXCFTS_PERP_SPX_USDT,2024-11-23 16:00:00,0.000344,8
MEXCFTS_PERP_SPX_USDT,2024-11-24 00:00:00,0.000279,8
MEXCFTS_PERP_SPX_USDT,2024-11-24 08:00:00,0.000305,8
MEXCFTS_PERP_SPX_USDT,2024-11-24 16:00:00,0.0001,8
MEXCFTS_PERP_SPX_USDT,2024-11-25 00:00:00,0.000265,8
MEXCFTS_PERP_SPX_USDT,2024-11-25 08:00:00,0.000492,8
MEXCFTS_PERP_SPX_USDT,2024-11-25 16:00:00,0.000132,8
MEXCFTS_PERP_SPX_USDT,2024-11-26 00:00:00,0.0001,8
MEXCFTS_PERP_SPX_USDT,2024-11-26 08:00:00,0.000107,8
MEXCFTS_PERP_SPX_USDT,2024-11-26 16:00:00,0.0001,8
MEXCFTS_PERP_SPX_USDT,2024-11-27 00:00:00,0.000221,8
MEXCFTS_PERP_SPX_USDT,2024-11-27 08:00:00,0.0001,8
MEXCFTS_PERP_SPX_USDT,2024-11-27 16:00:00,0.000239,8
MEXCFTS_PERP_SPX_USDT,2024-11-28 00:00:00,0.000404,8
MEXCFTS_PERP_SPX_USDT,2024-11-28 08:00:00,0.000861,8
MEXCFTS_PERP_SPX_USDT,2024-11-28 16:00:00,0.0001,8
MEXCFTS_PERP_SPX_USDT,2024-11-29 00:00:00,0.000286,8
MEXCFTS_PERP_SPX_USDT,2024-11-29 08:00:00,0.000225,8
MEXCFTS_PERP_SPX_USDT,2024-11-29 16:00:00,0.000394,8
MEXCFTS_PERP_SPX_USDT,2024-11-30 00:00:00,0.000259,8
MEXCFTS_PERP_SPX_USDT,2024-11-30 08:00:00,0.000498,8
MEXCFTS_PERP_SPX_USDT,2024-11-30 16:00:00,0.0001,8
MEXCFTS_PERP_SPX_USDT,2024-12-01 00:00:00,0.000324,8
MEXCFTS_PERP_SPX_USDT,2024-12-01 08:00:00,0.0001,8
MEXCFTS_PERP_SPX_USDT,2024-12-01 16:00:00,0.0001,8
MEXCFTS_PERP_SPX_USDT,2024-12-02 00:00:00,0.000657,8
MEXCFTS_PERP_SPX_USDT,2024-12-02 08:00:00,0.0001,8
MEXCFTS_PERP_SPX_USDT,2024-12-02 16:00:00,0.0001,8
MEXCFTS_PERP_SPX_USDT,2024-12-03 00:00:00,0.0001,8
MEXCFTS_PERP_SPX_USDT,2024-12-03 08:00:00,0.000529,8
MEXCFTS_PERP_SPX_USDT,2024-12-03 16:00:00,0.000126,8
MEXCFTS_PERP_SPX_USDT,2024-12-04 00:00:00,0.0002,8
MEXCFTS_PERP_SPX_USDT,2024-12-04 08:00:00,0.001092,8
MEXCFTS_PERP_SPX_USDT,2024-12-04 16:00:00,0.000798,8
MEXCFTS_PERP_SPX_USDT,2024-12-05 00:00:00,0.0001,8
MEXCFTS_PERP_SPX_USDT,2024-12-05 08:00:00,0.0001,8
MEXCFTS_PERP_SPX_USDT,2024-12-05 16:00:00,0.000616,8
MEXCFTS_PERP_SPX_USDT,2024-12-06 00:00:00,0.000246,8
MEXCFTS_PERP_SPX_USDT,2024-12-06 08:00:00,0.001361,8
MEXCFTS_PERP_SPX_USDT,2024-12-06 16:00:00,0.000417,8
MEXCFTS_PERP_SPX_USDT,2024-12-07 00:00:00,0.000949,8
MEXCFTS_PERP_SPX_USDT,2024-12-07 08:00:00,0.001124,8
MEXCFTS_PERP_SPX_USDT,2024-12-07 16:00:00,0.001652,8
MEXCFTS_PERP_SPX_USDT,2024-12-08 00:00:00,0.00135,8
MEXCFTS_PERP_SPX_USDT,2024-12-08 08:00:00,0.000865,8
MEXCFTS_PERP_SPX_USDT,2024-12-08 16:00:00,0.000679,8
MEXCFTS_PERP_SPX_USDT,2024-12-09 00:00:00,0.000751,8
MEXCFTS_PERP_SPX_USDT,2024-12-09 08:00:00,0.0003,8
MEXCFTS_PERP_SPX_USDT,2024-12-09 16:00:00,0.000455,8
MEXCFTS_PERP_SPX_USDT,2024-12-10 00:00:00,0.0001,8
MEXCFTS_PERP_SPX_USDT,2024-12-10 08:00:00,0.0001,8
MEXCFTS_PERP_SPX_USDT,2024-12-10 16:00:00,0.000135,8
MEXCFTS_PERP_SPX_USDT,2024-12-11 00:00:00,0.0001,8
MEXCFTS_PERP_SPX_USDT,2024-12-11 08:00:00,5e-05,4
MEXCFTS_PERP_SPX_USDT,2024-12-11 12:00:00,5e-05,4
MEXCFTS_PERP_SPX_USDT,2024-12-11 16:00:00,5e-05,4
MEXCFTS_PERP_SPX_USDT,2024-12-11 20:00:00,5e-05,4
MEXCFTS_PERP_SPX_USDT,2024-12-12 00:00:00,5e-05,4
MEXCFTS_PERP_SPX_USDT,2024-12-12 04:00:00,5e-05,4
MEXCFTS_PERP_SPX_USDT,2024-12-12 08:00:00,5e-05,4
MEXCFTS_PERP_SPX_USDT,2024-12-12 12:00:00,5e-05,4
MEXCFTS_PERP_SPX_USDT,2024-12-12 16:00:00,5e-05,4
MEXCFTS_PERP_SPX_USDT,2024-12-12 20:00:00,5e-05,4
MEXCFTS_PERP_SPX_USDT,2024-12-13 00:00:00,5e-05,4
MEXCFTS_PERP_SPX_USDT,2024-12-13 04:00:00,-0.000463,4
MEXCFTS_PERP_SPX_USDT,2024-12-13 08:00:00,-0.000853,4
MEXCFTS_PERP_SPX_USDT,2024-12-13 12:00:00,-0.001399,4
MEXCFTS_PERP_SPX_USDT,2024-12-13 16:00:00,-0.001558,4
MEXCFTS_PERP_SPX_USDT,2024-12-13 20:00:00,-0.000895,4
MEXCFTS_PERP_SPX_USDT,2024-12-14 00:00:00,5e-05,4
MEXCFTS_PERP_SPX_USDT,2024-12-14 04:00:00,5e-05,4
MEXCFTS_PERP_SPX_USDT,2024-12-14 08:00:00,5e-05,4
MEXCFTS_PERP_SPX_USDT,2024-12-14 12:00:00,0.00033,4
MEXCFTS_PERP_SPX_USDT,2024-12-14 16:00:00,5e-05,4
MEXCFTS_PERP_SPX_USDT,2024-12-14 20:00:00,-0.000482,4
MEXCFTS_PERP_SPX_USDT,2024-12-15 00:00:00,2.7e-05,4
MEXCFTS_PERP_SPX_USDT,2024-12-15 04:00:00,-0.000596,4
MEXCFTS_PERP_SPX_USDT,2024-12-15 08:00:00,-0.002531,4
MEXCFTS_PERP_SPX_USDT,2024-12-15 12:00:00,-0.001072,4
MEXCFTS_PERP_SPX_USDT,2024-12-15 16:00:00,5e-05,4
MEXCFTS_PERP_SPX_USDT,2024-12-15 20:00:00,5e-05,4
MEXCFTS_PERP_SPX_USDT,2024-12-16 00:00:00,0.000339,4
MEXCFTS_PERP_SPX_USDT,2024-12-16 04:00:00,0.000502,4
MEXCFTS_PERP_SPX_USDT,2024-12-16 08:00:00,0.000433,4
MEXCFTS_PERP_SPX_USDT,2024-12-16 12:00:00,5e-05,4
MEXCFTS_PERP_SPX_USDT,2024-12-16 16:00:00,5e-05,4
MEXCFTS_PERP_SPX_USDT,2024-12-16 20:00:00,5e-05,4
MEXCFTS_PERP_SPX_USDT,2024-12-17 00:00:00,5e-05,4
MEXCFTS_PERP_SPX_USDT,2024-12-17 04:00:00,5e-05,4
MEXCFTS_PERP_SPX_USDT,2024-12-17 08:00:00,5e-05,4
MEXCFTS_PERP_SPX_USDT,2024-12-17 12:00:00,5e-05,4
MEXCFTS_PERP_SPX_USDT,2024-12-17 16:00:00,5e-05,4
MEXCFTS_PERP_SPX_USDT,2024-12-17 20:00:00,5e-05,4
MEXCFTS_PERP_SPX_USDT,2024-12-18 00:00:00,5e-05,4
MEXCFTS_PERP_SPX_USDT,2024-12-18 04:00:00,5e-05,4
MEXCFTS_PERP_SPX_USDT,2024-12-18 08:00:00,5e-05,4
MEXCFTS_PERP_SPX_USDT,2024-12-18 12:00:00,5e-05,4
MEXCFTS_PERP_SPX_USDT,2024-12-18 16:00:00,5e-05,4
MEXCFTS_PERP_SPX_USDT,2024-12-18 20:00:00,5e-05,4
MEXCFTS_PERP_SPX_USDT,2024-12-19 00:00:00,5e-05,4
MEXCFTS_PERP_SPX_USDT,2024-12-19 04:00:00,5e-05,4
MEXCFTS_PERP_SPX_USDT,2024-12-19 08:00:00,5e-05,4
MEXCFTS_PERP_SPX_USDT,2024-12-19 12:00:00,4.8e-05,4
MEXCFTS_PERP_SPX_USDT,2024-12-19 16:00:00,5e-05,4
MEXCFTS_PERP_SPX_USDT,2024-12-19 20:00:00,-2.1e-05,4
MEXCFTS_PERP_SPX_USDT,2024-12-20 00:00:00,5e-05,4
MEXCFTS_PERP_SPX_USDT,2024-12-20 04:00:00,5e-05,4
MEXCFTS_PERP_SPX_USDT,2024-12-20 08:00:00,5e-05,4
MEXCFTS_PERP_SPX_USDT,2024-12-20 12:00:00,5e-05,4
MEXCFTS_PERP_SPX_USDT,2024-12-20 16:00:00,5e-05,4
MEXCFTS_PERP_SPX_USDT,2024-12-20 20:00:00,-0.000106,4
MEXCFTS_PERP_SPX_USDT,2024-12-21 00:00:00,5e-05,4
MEXCFTS_PERP_SPX_USDT,2024-12-21 04:00:00,5e-05,4
MEXCFTS_PERP_SPX_USDT,2024-12-21 08:00:00,5e-05,4
MEXCFTS_PERP_SPX_USDT,2024-12-21 12:00:00,0.000108,4
MEXCFTS_PERP_SPX_USDT,2024-12-21 16:00:00,0.000188,4
MEXCFTS_PERP_SPX_USDT,2024-12-21 20:00:00,0.000218,4
MEXCFTS_PERP_SPX_USDT,2024-12-22 00:00:00,5e-05,4
MEXCFTS_PERP_SPX_USDT,2024-12-22 04:00:00,5e-05,4
MEXCFTS_PERP_SPX_USDT,2024-12-22 08:00:00,5e-05,4
MEXCFTS_PERP_SPX_USDT,2024-12-22 12:00:00,-0.000184,4
MEXCFTS_PERP_SPX_USDT,2024-12-22 16:00:00,-0.000522,4
MEXCFTS_PERP_SPX_USDT,2024-12-22 20:00:00,1.3e-05,4
MEXCFTS_PERP_SPX_USDT,2024-12-23 00:00:00,-0.001504,4
MEXCFTS_PERP_SPX_USDT,2024-12-23 04:00:00,-0.000279,4
MEXCFTS_PERP_SPX_USDT,2024-12-23 08:00:00,5e-05,4
MEXCFTS_PERP_SPX_USDT,2024-12-23 12:00:00,-0.000303,4
MEXCFTS_PERP_SPX_USDT,2024-12-23 16:00:00,5e-05,4
MEXCFTS_PERP_SPX_USDT,2024-12-23 20:00:00,0.00017,4
MEXCFTS_PERP_SPX_USDT,2024-12-24 00:00:00,0.000444,4
MEXCFTS_PERP_SPX_USDT,2024-12-24 04:00:00,5e-05,4
MEXCFTS_PERP_SPX_USDT,2024-12-24 08:00:00,5e-05,4
MEXCFTS_PERP_SPX_USDT,2024-12-24 12:00:00,5e-05,4
MEXCFTS_PERP_SPX_USDT,2024-12-24 16:00:00,5e-05,4
MEXCFTS_PERP_SPX_USDT,2024-12-24 20:00:00,5e-05,4
MEXCFTS_PERP_SPX_USDT,2024-12-25 00:00:00,5e-05,4
MEXCFTS_PERP_SPX_USDT,2024-12-25 04:00:00,5e-05,4
MEXCFTS_PERP_SPX_USDT,2024-12-25 08:00:00,5e-05,4
MEXCFTS_PERP_SPX_USDT,2024-12-25 12:00:00,5e-05,4
MEXCFTS_PERP_SPX_USDT,2024-12-25 16:00:00,5e-05,4
MEXCFTS_PERP_SPX_USDT,2024-12-25 20:00:00,5e-05,4
MEXCFTS_PERP_SPX_USDT,2024-12-26 00:00:00,5e-05,4
MEXCFTS_PERP_SPX_USDT,2024-12-26 04:00:00,5e-05,4
MEXCFTS_PERP_SPX_USDT,2024-12-26 08:00:00,5e-05,4
MEXCFTS_PERP_SPX_USDT,2024-12-26 12:00:00,5e-05,4
MEXCFTS_PERP_SPX_USDT,2024-12-26 16:00:00,5e-05,4
MEXCFTS_PERP_SPX_USDT,2024-12-26 20:00:00,5e-05,4
MEXCFTS_PERP_SPX_USDT,2024-12-27 00:00:00,5e-05,4
MEXCFTS_PERP_SPX_USDT,2024-12-27 04:00:00,5e-05,4
MEXCFTS_PERP_SPX_USDT,2024-12-27 08:00:00,5e-05,4
MEXCFTS_PERP_SPX_USDT,2024-12-27 12:00:00,5e-05,4
MEXCFTS_PERP_SPX_USDT,2024-12-27 16:00:00,5e-05,4
MEXCFTS_PERP_SPX_USDT,2024-12-27 20:00:00,5e-05,4
MEXCFTS_PERP_SPX_USDT,2024-12-28 00:00:00,5e-05,4
MEXCFTS_PERP_SPX_USDT,2024-12-28 04:00:00,5e-05,4
MEXCFTS_PERP_SPX_USDT,2024-12-28 08:00:00,5e-05,4
MEXCFTS_PERP_SPX_USDT,2024-12-28 12:00:00,5e-05,4
MEXCFTS_PERP_SPX_USDT,2024-12-28 16:00:00,5e-05,4
MEXCFTS_PERP_SPX_USDT,2024-12-28 20:00:00,5e-05,4
MEXCFTS_PERP_SPX_USDT,2024-12-29 00:00:00,0.000137,4
MEXCFTS_PERP_SPX_USDT,2024-12-29 04:00:00,5e-05,4
MEXCFTS_PERP_SPX_USDT,2024-12-29 08:00:00,5e-05,4
MEXCFTS_PERP_SPX_USDT,2024-12-29 12:00:00,5e-05,4
MEXCFTS_PERP_SPX_USDT,2024-12-29 16:00:00,5e-05,4
MEXCFTS_PERP_SPX_USDT,2024-12-29 20:00:00,5e-05,4
MEXCFTS_PERP_SPX_USDT,2024-12-30 00:00:00,5e-05,4
MEXCFTS_PERP_SPX_USDT,2024-12-30 04:00:00,5e-05,4
MEXCFTS_PERP_SPX_USDT,2024-12-30 08:00:00,5e-05,4
MEXCFTS_PERP_SPX_USDT,2024-12-30 12:00:00,5e-05,4
MEXCFTS_PERP_SPX_USDT,2024-12-30 16:00:00,6.1e-05,4
MEXCFTS_PERP_SPX_USDT,2024-12-30 20:00:00,5e-05,4
MEXCFTS_PERP_SPX_USDT,2024-12-31 00:00:00,5e-05,4
MEXCFTS_PERP_SPX_USDT,2024-12-31 04:00:00,5e-05,4
MEXCFTS_PERP_SPX_USDT,2024-12-31 08:00:00,5e-05,4
MEXCFTS_PERP_SPX_USDT,2024-12-31 12:00:00,5e-05,4
MEXCFTS_PERP_SPX_USDT,2024-12-31 16:00:00,5e-05,4
MEXCFTS_PERP_SPX_USDT,2024-12-31 20:00:00,5e-05,4
MEXCFTS_PERP_SPX_USDT,2025-01-01 00:00:00,5e-05,4
MEXCFTS_PERP_SPX_USDT,2025-01-01 04:00:00,5e-05,4
MEXCFTS_PERP_SPX_USDT,2025-01-01 08:00:00,5e-05,4
MEXCFTS_PERP_SPX_USDT,2025-01-01 12:00:00,3.3e-05,4
MEXCFTS_PERP_SPX_USDT,2025-01-01 16:00:00,5e-05,4
MEXCFTS_PERP_SPX_USDT,2025-01-01 20:00:00,5e-05,4
MEXCFTS_PERP_SPX_USDT,2025-01-02 00:00:00,5e-05,4
MEXCFTS_PERP_SPX_USDT,2025-01-02 04:00:00,5e-05,4
MEXCFTS_PERP_SPX_USDT,2025-01-02 08:00:00,5e-05,4
MEXCFTS_PERP_SPX_USDT,2025-01-02 12:00:00,5e-05,4
MEXCFTS_PERP_SPX_USDT,2025-01-02 16:00:00,5e-05,4
MEXCFTS_PERP_SPX_USDT,2025-01-02 20:00:00,5e-05,4
MEXCFTS_PERP_SPX_USDT,2025-01-03 00:00:00,5e-05,4
MEXCFTS_PERP_SPX_USDT,2025-01-03 04:00:00,5e-05,4
MEXCFTS_PERP_SPX_USDT,2025-01-03 08:00:00,5e-05,4
MEXCFTS_PERP_SPX_USDT,2025-01-03 12:00:00,5e-05,4
MEXCFTS_PERP_SPX_USDT,2025-01-03 16:00:00,5e-05,4
MEXCFTS_PERP_SPX_USDT,2025-01-03 20:00:00,5e-05,4
MEXCFTS_PERP_SPX_USDT,2025-01-04 00:00:00,5e-05,4
MEXCFTS_PERP_SPX_USDT,2025-01-04 04:00:00,0.000141,4
MEXCFTS_PERP_SPX_USDT,2025-01-04 08:00:00,0.000299,4
MEXCFTS_PERP_SPX_USDT,2025-01-04 12:00:00,0.00033,4
MEXCFTS_PERP_SPX_USDT,2025-01-04 16:00:00,5e-05,4
MEXCFTS_PERP_SPX_USDT,2025-01-04 20:00:00,5e-05,4
MEXCFTS_PERP_SPX_USDT,2025-01-05 00:00:00,5e-05,4
MEXCFTS_PERP_SPX_USDT,2025-01-05 04:00:00,5e-05,4
MEXCFTS_PERP_SPX_USDT,2025-01-05 08:00:00,5e-05,4
MEXCFTS_PERP_SPX_USDT,2025-01-05 12:00:00,0.000131,4
MEXCFTS_PERP_SPX_USDT,2025-01-05 16:00:00,0.000153,4
MEXCFTS_PERP_SPX_USDT,2025-01-05 20:00:00,5e-05,4
MEXCFTS_PERP_SPX_USDT,2025-01-06 00:00:00,-0.000261,4
MEXCFTS_PERP_SPX_USDT,2025-01-06 04:00:00,5e-05,4
MEXCFTS_PERP_SPX_USDT,2025-01-06 08:00:00,-0.000236,4
MEXCFTS_PERP_SPX_USDT,2025-01-06 12:00:00,5e-05,4
MEXCFTS_PERP_SPX_USDT,2025-01-06 16:00:00,5e-05,4
MEXCFTS_PERP_SPX_USDT,2025-01-06 20:00:00,-4.7e-05,4
MEXCFTS_PERP_SPX_USDT,2025-01-07 00:00:00,-0.000138,4
MEXCFTS_PERP_SPX_USDT,2025-01-07 04:00:00,5e-05,4
MEXCFTS_PERP_SPX_USDT,2025-01-07 08:00:00,0.00014,4
MEXCFTS_PERP_SPX_USDT,2025-01-07 12:00:00,7.2e-05,4
MEXCFTS_PERP_SPX_USDT,2025-01-07 16:00:00,0.000219,4
MEXCFTS_PERP_SPX_USDT,2025-01-07 20:00:00,0.000236,4
MEXCFTS_PERP_SPX_USDT,2025-01-08 00:00:00,5e-05,4
MEXCFTS_PERP_SPX_USDT,2025-01-08 04:00:00,5e-05,4
MEXCFTS_PERP_SPX_USDT,2025-01-08 08:00:00,0.000205,4
MEXCFTS_PERP_SPX_USDT,2025-01-08 12:00:00,5e-05,4
MEXCFTS_PERP_SPX_USDT,2025-01-08 16:00:00,5e-05,4
MEXCFTS_PERP_SPX_USDT,2025-01-08 20:00:00,5e-05,4
MEXCFTS_PERP_SPX_USDT,2025-01-09 00:00:00,5e-05,4
MEXCFTS_PERP_SPX_USDT,2025-01-09 04:00:00,5e-05,4
MEXCFTS_PERP_SPX_USDT,2025-01-09 08:00:00,5e-05,4
MEXCFTS_PERP_SPX_USDT,2025-01-09 12:00:00,0.000409,4
MEXCFTS_PERP_SPX_USDT,2025-01-09 16:00:00,0.000555,4
MEXCFTS_PERP_SPX_USDT,2025-01-09 20:00:00,0.00058,4
MEXCFTS_PERP_SPX_USDT,2025-01-10 00:00:00,0.000169,4
MEXCFTS_PERP_SPX_USDT,2025-01-10 04:00:00,0.000135,4
MEXCFTS_PERP_SPX_USDT,2025-01-10 08:00:00,5.9e-05,4
MEXCFTS_PERP_SPX_USDT,2025-01-10 12:00:00,5e-05,4
MEXCFTS_PERP_SPX_USDT,2025-01-10 16:00:00,5e-05,4
MEXCFTS_PERP_SPX_USDT,2025-01-10 20:00:00,4e-06,4
MEXCFTS_PERP_SPX_USDT,2025-01-11 00:00:00,-0.000212,4
MEXCFTS_PERP_SPX_USDT,2025-01-11 04:00:00,5e-05,4
MEXCFTS_PERP_SPX_USDT,2025-01-11 08:00:00,5e-05,4
MEXCFTS_PERP_SPX_USDT,2025-01-11 12:00:00,5e-05,4
MEXCFTS_PERP_SPX_USDT,2025-01-11 16:00:00,5e-05,4
MEXCFTS_PERP_SPX_USDT,2025-01-11 20:00:00,5e-05,4
MEXCFTS_PERP_SPX_USDT,2025-01-12 00:00:00,5e-05,4
MEXCFTS_PERP_SPX_USDT,2025-01-12 04:00:00,5e-05,4
MEXCFTS_PERP_SPX_USDT,2025-01-12 08:00:00,5e-05,4
MEXCFTS_PERP_SPX_USDT,2025-01-12 12:00:00,5e-05,4
MEXCFTS_PERP_SPX_USDT,2025-01-12 16:00:00,5e-05,4
MEXCFTS_PERP_SPX_USDT,2025-01-12 20:00:00,5e-05,4
MEXCFTS_PERP_SPX_USDT,2025-01-13 00:00:00,5e-05,4
MEXCFTS_PERP_SPX_USDT,2025-01-13 04:00:00,5e-05,4
MEXCFTS_PERP_SPX_USDT,2025-01-13 08:00:00,5e-05,4
MEXCFTS_PERP_SPX_USDT,2025-01-13 12:00:00,0.000897,4
MEXCFTS_PERP_SPX_USDT,2025-01-13 16:00:00,5.8e-05,4
MEXCFTS_PERP_SPX_USDT,2025-01-13 20:00:00,0.000135,4
MEXCFTS_PERP_SPX_USDT,2025-01-14 00:00:00,5e-05,4
MEXCFTS_PERP_SPX_USDT,2025-01-14 04:00:00,5e-05,4
MEXCFTS_PERP_SPX_USDT,2025-01-14 08:00:00,5e-05,4
MEXCFTS_PERP_SPX_USDT,2025-01-14 12:00:00,5e-05,4
MEXCFTS_PERP_SPX_USDT,2025-01-14 16:00:00,5e-05,4
MEXCFTS_PERP_SPX_USDT,2025-01-14 20:00:00,5e-05,4
MEXCFTS_PERP_SPX_USDT,2025-01-15 00:00:00,5e-05,4
MEXCFTS_PERP_SPX_USDT,2025-01-15 04:00:00,5e-05,4
MEXCFTS_PERP_SPX_USDT,2025-01-15 08:00:00,5e-05,4
MEXCFTS_PERP_SPX_USDT,2025-01-15 12:00:00,-0.000128,4
MEXCFTS_PERP_SPX_USDT,2025-01-15 16:00:00,-5.7e-05,4
MEXCFTS_PERP_SPX_USDT,2025-01-15 20:00:00,-0.000169,4
MEXCFTS_PERP_SPX_USDT,2025-01-16 00:00:00,5e-05,4
MEXCFTS_PERP_SPX_USDT,2025-01-16 04:00:00,5e-05,4
MEXCFTS_PERP_SPX_USDT,2025-01-16 08:00:00,5e-05,4
MEXCFTS_PERP_SPX_USDT,2025-01-16 12:00:00,5e-05,4
MEXCFTS_PERP_SPX_USDT,2025-01-16 16:00:00,5e-05,4
MEXCFTS_PERP_SPX_USDT,2025-01-16 20:00:00,5e-05,4
MEXCFTS_PERP_SPX_USDT,2025-01-17 00:00:00,5e-05,4
MEXCFTS_PERP_SPX_USDT,2025-01-17 04:00:00,5e-05,4
MEXCFTS_PERP_SPX_USDT,2025-01-17 08:00:00,-8.6e-05,4
MEXCFTS_PERP_SPX_USDT,2025-01-17 12:00:00,5e-05,4
MEXCFTS_PERP_SPX_USDT,2025-01-17 16:00:00,5e-05,4
MEXCFTS_PERP_SPX_USDT,2025-01-17 20:00:00,5e-05,4
MEXCFTS_PERP_SPX_USDT,2025-01-18 00:00:00,0.000458,4
MEXCFTS_PERP_SPX_USDT,2025-01-18 04:00:00,0.000383,4
MEXCFTS_PERP_SPX_USDT,2025-01-18 08:00:00,0.000443,4
MEXCFTS_PERP_SPX_USDT,2025-01-18 12:00:00,0.000497,4
MEXCFTS_PERP_SPX_USDT,2025-01-18 16:00:00,0.00032,4
MEXCFTS_PERP_SPX_USDT,2025-01-18 20:00:00,0.000225,4
MEXCFTS_PERP_SPX_USDT,2025-01-19 00:00:00,5e-05,4
MEXCFTS_PERP_SPX_USDT,2025-01-19 04:00:00,5e-05,4
MEXCFTS_PERP_SPX_USDT,2025-01-19 08:00:00,0.000249,4
MEXCFTS_PERP_SPX_USDT,2025-01-19 12:00:00,0.00072,4
MEXCFTS_PERP_SPX_USDT,2025-01-19 16:00:00,0.000118,4
MEXCFTS_PERP_SPX_USDT,2025-01-19 20:00:00,7.7e-05,4
MEXCFTS_PERP_SPX_USDT,2025-01-20 00:00:00,0.000312,4
MEXCFTS_PERP_SPX_USDT,2025-01-20 04:00:00,5.8e-05,4
MEXCFTS_PERP_SPX_USDT,2025-01-20 08:00:00,5e-05,4
MEXCFTS_PERP_SPX_USDT,2025-01-20 12:00:00,5e-05,4
MEXCFTS_PERP_SPX_USDT,2025-01-20 16:00:00,8e-06,4
MEXCFTS_PERP_SPX_USDT,2025-01-20 20:00:00,5e-05,4
MEXCFTS_PERP_SPX_USDT,2025-01-21 00:00:00,5e-05,4
MEXCFTS_PERP_SPX_USDT,2025-01-21 04:00:00,5e-05,4
MEXCFTS_PERP_SPX_USDT,2025-01-21 08:00:00,5e-05,4
MEXCFTS_PERP_SPX_USDT,2025-01-21 12:00:00,5e-05,4
MEXCFTS_PERP_SPX_USDT,2025-01-21 16:00:00,-5.7e-05,4
MEXCFTS_PERP_SPX_USDT,2025-01-21 20:00:00,5e-05,4
MEXCFTS_PERP_SPX_USDT,2025-01-22 00:00:00,5e-05,4
MEXCFTS_PERP_SPX_USDT,2025-01-22 04:00:00,5e-05,4
MEXCFTS_PERP_SPX_USDT,2025-01-22 08:00:00,-0.000364,4
MEXCFTS_PERP_SPX_USDT,2025-01-22 12:00:00,-1.1e-05,4
MEXCFTS_PERP_SPX_USDT,2025-01-22 16:00:00,-0.00012,4
MEXCFTS_PERP_SPX_USDT,2025-01-22 20:00:00,5e-05,4
MEXCFTS_PERP_SPX_USDT,2025-01-23 00:00:00,5e-05,4
MEXCFTS_PERP_SPX_USDT,2025-01-23 04:00:00,5e-05,4
MEXCFTS_PERP_SPX_USDT,2025-01-23 08:00:00,1.6e-05,4
MEXCFTS_PERP_SPX_USDT,2025-01-23 12:00:00,5e-05,4
MEXCFTS_PERP_SPX_USDT,2025-01-23 16:00:00,-0.000277,4
MEXCFTS_PERP_SPX_USDT,2025-01-23 20:00:00,-0.000701,4
MEXCFTS_PERP_SPX_USDT,2025-01-24 00:00:00,-0.000269,4
MEXCFTS_PERP_SPX_USDT,2025-01-24 04:00:00,-0.00013,4
MEXCFTS_PERP_SPX_USDT,2025-01-24 08:00:00,3.9e-05,4
MEXCFTS_PERP_SPX_USDT,2025-01-24 12:00:00,-0.000186,4
MEXCFTS_PERP_SPX_USDT,2025-01-24 16:00:00,-0.000402,4
MEXCFTS_PERP_SPX_USDT,2025-01-24 20:00:00,-0.000491,4
MEXCFTS_PERP_SPX_USDT,2025-01-25 00:00:00,5e-05,4
MEXCFTS_PERP_SPX_USDT,2025-01-25 04:00:00,5e-05,4
MEXCFTS_PERP_SPX_USDT,2025-01-25 08:00:00,5e-05,4
MEXCFTS_PERP_SPX_USDT,2025-01-25 12:00:00,5e-05,4
MEXCFTS_PERP_SPX_USDT,2025-01-25 16:00:00,5e-05,4
MEXCFTS_PERP_SPX_USDT,2025-01-25 20:00:00,-0.000102,4
MEXCFTS_PERP_SPX_USDT,2025-01-26 00:00:00,4e-06,4
MEXCFTS_PERP_SPX_USDT,2025-01-26 04:00:00,1.1e-05,4
MEXCFTS_PERP_SPX_USDT,2025-01-26 08:00:00,5e-05,4
MEXCFTS_PERP_SPX_USDT,2025-01-26 12:00:00,5e-05,4
MEXCFTS_PERP_SPX_USDT,2025-01-26 16:00:00,5e-05,4
MEXCFTS_PERP_SPX_USDT,2025-01-26 20:00:00,5e-05,4
MEXCFTS_PERP_SPX_USDT,2025-01-27 00:00:00,5e-05,4
MEXCFTS_PERP_SPX_USDT,2025-01-27 04:00:00,5e-05,4
MEXCFTS_PERP_SPX_USDT,2025-01-27 08:00:00,5e-05,4
MEXCFTS_PERP_SPX_USDT,2025-01-27 12:00:00,5e-05,4
MEXCFTS_PERP_SPX_USDT,2025-01-27 16:00:00,5e-05,4
MEXCFTS_PERP_SPX_USDT,2025-01-27 20:00:00,5e-05,4
MEXCFTS_PERP_SPX_USDT,2025-01-28 00:00:00,5e-05,4
MEXCFTS_PERP_SPX_USDT,2025-01-28 04:00:00,5e-05,4
MEXCFTS_PERP_SPX_USDT,2025-01-28 08:00:00,-2e-06,4
MEXCFTS_PERP_SPX_USDT,2025-01-28 12:00:00,-0.000206,4
MEXCFTS_PERP_SPX_USDT,2025-01-28 16:00:00,-0.000318,4
MEXCFTS_PERP_SPX_USDT,2025-01-28 20:00:00,5e-05,4
MEXCFTS_PERP_SPX_USDT,2025-01-29 00:00:00,5e-05,4
MEXCFTS_PERP_SPX_USDT,2025-01-29 04:00:00,5e-05,4
MEXCFTS_PERP_SPX_USDT,2025-01-29 08:00:00,5e-05,4
MEXCFTS_PERP_SPX_USDT,2025-01-29 12:00:00,5e-05,4
MEXCFTS_PERP_SPX_USDT,2025-01-29 16:00:00,5e-05,4
MEXCFTS_PERP_SPX_USDT,2025-01-29 20:00:00,5e-05,4
MEXCFTS_PERP_SPX_USDT,2025-01-30 00:00:00,-5.7e-05,4
MEXCFTS_PERP_SPX_USDT,2025-01-30 04:00:00,-6.6e-05,4
MEXCFTS_PERP_SPX_USDT,2025-01-30 08:00:00,5e-05,4
MEXCFTS_PERP_SPX_USDT,2025-01-30 12:00:00,5e-05,4
MEXCFTS_PERP_SPX_USDT,2025-01-30 16:00:00,5e-05,4
MEXCFTS_PERP_SPX_USDT,2025-01-30 20:00:00,5e-05,4
MEXCFTS_PERP_SPX_USDT,2025-01-31 00:00:00,5e-05,4
MEXCFTS_PERP_SPX_USDT,2025-01-31 04:00:00,5e-05,4
MEXCFTS_PERP_SPX_USDT,2025-01-31 08:00:00,5e-05,4
MEXCFTS_PERP_SPX_USDT,2025-01-31 12:00:00,5e-05,4
MEXCFTS_PERP_SPX_USDT,2025-01-31 16:00:00,5e-05,4
MEXCFTS_PERP_SPX_USDT,2025-01-31 20:00:00,5e-05,4
MEXCFTS_PERP_SPX_USDT,2025-02-01 00:00:00,5e-05,4
MEXCFTS_PERP_SPX_USDT,2025-02-01 04:00:00,5e-05,4
MEXCFTS_PERP_SPX_USDT,2025-02-01 08:00:00,5e-05,4
MEXCFTS_PERP_SPX_USDT,2025-02-01 12:00:00,5e-05,4
MEXCFTS_PERP_SPX_USDT,2025-02-01 16:00:00,5e-05,4
MEXCFTS_PERP_SPX_USDT,2025-02-01 20:00:00,5e-05,4
MEXCFTS_PERP_SPX_USDT,2025-02-02 00:00:00,5e-05,4
MEXCFTS_PERP_SPX_USDT,2025-02-02 04:00:00,-9e-05,4
MEXCFTS_PERP_SPX_USDT,2025-02-02 08:00:00,5e-05,4
MEXCFTS_PERP_SPX_USDT,2025-02-02 12:00:00,5e-05,4
MEXCFTS_PERP_SPX_USDT,2025-02-02 16:00:00,5e-05,4
MEXCFTS_PERP_SPX_USDT,2025-02-02 20:00:00,5e-05,4
MEXCFTS_PERP_SPX_USDT,2025-02-03 00:00:00,5e-05,4
MEXCFTS_PERP_SPX_USDT,2025-02-03 04:00:00,5e-05,4
MEXCFTS_PERP_SPX_USDT,2025-02-03 08:00:00,5e-05,4
MEXCFTS_PERP_SPX_USDT,2025-02-03 12:00:00,5e-05,4
MEXCFTS_PERP_SPX_USDT,2025-02-03 16:00:00,5e-05,4
MEXCFTS_PERP_SPX_USDT,2025-02-03 20:00:00,5e-05,4
MEXCFTS_PERP_SPX_USDT,2025-02-04 00:00:00,-0.000137,4
MEXCFTS_PERP_SPX_USDT,2025-02-04 04:00:00,2.3e-05,4
MEXCFTS_PERP_SPX_USDT,2025-02-04 08:00:00,-0.000119,4
MEXCFTS_PERP_SPX_USDT,2025-02-04 12:00:00,-0.00015,4
MEXCFTS_PERP_SPX_USDT,2025-02-04 16:00:00,-0.000231,4
MEXCFTS_PERP_SPX_USDT,2025-02-04 20:00:00,-0.000165,4
MEXCFTS_PERP_SPX_USDT,2025-02-05 00:00:00,5e-05,4
MEXCFTS_PERP_SPX_USDT,2025-02-05 04:00:00,5e-05,4
MEXCFTS_PERP_SPX_USDT,2025-02-05 08:00:00,5e-05,4
MEXCFTS_PERP_SPX_USDT,2025-02-05 12:00:00,5e-05,4
MEXCFTS_PERP_SPX_USDT,2025-02-05 16:00:00,5e-05,4
MEXCFTS_PERP_SPX_USDT,2025-02-05 20:00:00,5e-05,4
MEXCFTS_PERP_SPX_USDT,2025-02-06 00:00:00,5e-05,4
MEXCFTS_PERP_SPX_USDT,2025-02-06 04:00:00,5e-05,4
MEXCFTS_PERP_SPX_USDT,2025-02-06 08:00:00,5e-05,4
MEXCFTS_PERP_SPX_USDT,2025-02-06 12:00:00,5e-05,4
MEXCFTS_PERP_SPX_USDT,2025-02-06 16:00:00,5e-05,4
MEXCFTS_PERP_SPX_USDT,2025-02-06 20:00:00,5e-05,4
MEXCFTS_PERP_SPX_USDT,2025-02-07 00:00:00,5e-05,4
MEXCFTS_PERP_SPX_USDT,2025-02-07 04:00:00,5e-05,4
MEXCFTS_PERP_SPX_USDT,2025-02-07 08:00:00,5e-05,4
MEXCFTS_PERP_SPX_USDT,2025-02-07 12:00:00,5e-05,4
MEXCFTS_PERP_SPX_USDT,2025-02-07 16:00:00,5e-05,4
MEXCFTS_PERP_SPX_USDT,2025-02-07 20:00:00,4.8e-05,4
MEXCFTS_PERP_SPX_USDT,2025-02-08 00:00:00,5e-05,4
MEXCFTS_PERP_SPX_USDT,2025-02-08 04:00:00,5e-05,4
MEXCFTS_PERP_SPX_USDT,2025-02-08 08:00:00,5e-05,4
MEXCFTS_PERP_SPX_USDT,2025-02-08 12:00:00,5e-05,4
MEXCFTS_PERP_SPX_USDT,2025-02-08 16:00:00,5e-05,4
MEXCFTS_PERP_SPX_USDT,2025-02-08 20:00:00,5e-05,4
MEXCFTS_PERP_SPX_USDT,2025-02-09 00:00:00,5e-05,4
MEXCFTS_PERP_SPX_USDT,2025-02-09 04:00:00,5e-05,4
MEXCFTS_PERP_SPX_USDT,2025-02-09 08:00:00,5e-05,4
MEXCFTS_PERP_SPX_USDT,2025-02-09 12:00:00,-0.000108,4
MEXCFTS_PERP_SPX_USDT,2025-02-09 16:00:00,4.5e-05,4
MEXCFTS_PERP_SPX_USDT,2025-02-09 20:00:00,5e-05,4
MEXCFTS_PERP_SPX_USDT,2025-02-10 00:00:00,5e-05,4
MEXCFTS_PERP_SPX_USDT,2025-02-10 04:00:00,0.0,4
MEXCFTS_PERP_SPX_USDT,2025-02-10 08:00:00,5e-05,4
MEXCFTS_PERP_SPX_USDT,2025-02-10 12:00:00,5e-05,4
MEXCFTS_PERP_SPX_USDT,2025-02-10 16:00:00,5e-05,4
MEXCFTS_PERP_SPX_USDT,2025-02-10 20:00:00,-0.000193,4
MEXCFTS_PERP_SPX_USDT,2025-02-11 00:00:00,-4.4e-05,4
MEXCFTS_PERP_SPX_USDT,2025-02-11 04:00:00,-6.8e-05,4
MEXCFTS_PERP_SPX_USDT,2025-02-11 08:00:00,-0.000134,4
MEXCFTS_PERP_SPX_USDT,2025-02-11 12:00:00,-4.3e-05,4
MEXCFTS_PERP_SPX_USDT,2025-02-11 16:00:00,-3.3e-05,4
MEXCFTS_PERP_SPX_USDT,2025-02-11 20:00:00,5e-05,4
MEXCFTS_PERP_SPX_USDT,2025-02-12 00:00:00,-7.2e-05,4
MEXCFTS_PERP_SPX_USDT,2025-02-12 04:00:00,-0.000128,4
MEXCFTS_PERP_SPX_USDT,2025-02-12 08:00:00,-0.000274,4
MEXCFTS_PERP_SPX_USDT,2025-02-12 12:00:00,-0.000149,4
MEXCFTS_PERP_SPX_USDT,2025-02-12 16:00:00,-1.6e-05,4
MEXCFTS_PERP_SPX_USDT,2025-02-12 20:00:00,-2.6e-05,4
MEXCFTS_PERP_SPX_USDT,2025-02-13 00:00:00,-9.8e-05,4
MEXCFTS_PERP_SPX_USDT,2025-02-13 04:00:00,-0.000182,4
MEXCFTS_PERP_SPX_USDT,2025-02-13 08:00:00,5e-05,4
MEXCFTS_PERP_SPX_USDT,2025-02-13 12:00:00,5e-05,4
MEXCFTS_PERP_SPX_USDT,2025-02-13 16:00:00,1.2e-05,4
MEXCFTS_PERP_SPX_USDT,2025-02-13 20:00:00,1.6e-05,4
MEXCFTS_PERP_SPX_USDT,2025-02-14 00:00:00,-8.3e-05,4
MEXCFTS_PERP_SPX_USDT,2025-02-14 04:00:00,5e-05,4
MEXCFTS_PERP_SPX_USDT,2025-02-14 08:00:00,-1.2e-05,4
MEXCFTS_PERP_SPX_USDT,2025-02-14 12:00:00,-3.4e-05,4
MEXCFTS_PERP_SPX_USDT,2025-02-14 16:00:00,-4.1e-05,4
MEXCFTS_PERP_SPX_USDT,2025-02-14 20:00:00,4e-06,4
MEXCFTS_PERP_SPX_USDT,2025-02-15 00:00:00,5e-05,4
MEXCFTS_PERP_SPX_USDT,2025-02-15 04:00:00,-6.5e-05,4
MEXCFTS_PERP_SPX_USDT,2025-02-15 08:00:00,5e-05,4
MEXCFTS_PERP_SPX_USDT,2025-02-15 12:00:00,5e-05,4
MEXCFTS_PERP_SPX_USDT,2025-02-15 16:00:00,5e-05,4
MEXCFTS_PERP_SPX_USDT,2025-02-15 20:00:00,-0.000155,4
MEXCFTS_PERP_SPX_USDT,2025-02-16 00:00:00,-4.5e-05,4
MEXCFTS_PERP_SPX_USDT,2025-02-16 04:00:00,5e-05,4
MEXCFTS_PERP_SPX_USDT,2025-02-16 08:00:00,-0.000155,4
MEXCFTS_PERP_SPX_USDT,2025-02-16 12:00:00,1.6e-05,4
MEXCFTS_PERP_SPX_USDT,2025-02-16 16:00:00,-0.000113,4
MEXCFTS_PERP_SPX_USDT,2025-02-16 20:00:00,5e-05,4
MEXCFTS_PERP_SPX_USDT,2025-02-17 00:00:00,3.4e-05,4
MEXCFTS_PERP_SPX_USDT,2025-02-17 04:00:00,2.7e-05,4
MEXCFTS_PERP_SPX_USDT,2025-02-17 08:00:00,4.2e-05,4
MEXCFTS_PERP_SPX_USDT,2025-02-17 12:00:00,-0.000301,4
MEXCFTS_PERP_SPX_USDT,2025-02-17 16:00:00,-0.000217,4
MEXCFTS_PERP_SPX_USDT,2025-02-17 20:00:00,-0.000274,4
MEXCFTS_PERP_SPX_USDT,2025-02-18 00:00:00,-1.8e-05,4
MEXCFTS_PERP_SPX_USDT,2025-02-18 04:00:00,-2e-05,4
MEXCFTS_PERP_SPX_USDT,2025-02-18 08:00:00,5e-05,4
MEXCFTS_PERP_SPX_USDT,2025-02-18 12:00:00,2.3e-05,4
MEXCFTS_PERP_SPX_USDT,2025-02-18 16:00:00,5e-05,4
MEXCFTS_PERP_SPX_USDT,2025-02-18 20:00:00,5e-05,4
MEXCFTS_PERP_SPX_USDT,2025-02-19 00:00:00,-2.1e-05,4
MEXCFTS_PERP_SPX_USDT,2025-02-19 04:00:00,5e-05,4
MEXCFTS_PERP_SPX_USDT,2025-02-19 08:00:00,5e-05,4
MEXCFTS_PERP_SPX_USDT,2025-02-19 12:00:00,3e-05,4
MEXCFTS_PERP_SPX_USDT,2025-02-19 16:00:00,5e-05,4
MEXCFTS_PERP_SPX_USDT,2025-02-19 20:00:00,-0.000417,4
MEXCFTS_PERP_SPX_USDT,2025-02-20 00:00:00,-0.000447,4
MEXCFTS_PERP_SPX_USDT,2025-02-20 04:00:00,-4.5e-05,4
MEXCFTS_PERP_SPX_USDT,2025-02-20 08:00:00,-2e-05,4
MEXCFTS_PERP_SPX_USDT,2025-02-20 12:00:00,-8.8e-05,4
MEXCFTS_PERP_SPX_USDT,2025-02-20 16:00:00,5e-05,4
MEXCFTS_PERP_SPX_USDT,2025-02-20 20:00:00,5e-05,4
MEXCFTS_PERP_SPX_USDT,2025-02-21 00:00:00,4.2e-05,4
MEXCFTS_PERP_SPX_USDT,2025-02-21 04:00:00,-8.6e-05,4
MEXCFTS_PERP_SPX_USDT,2025-02-21 08:00:00,-0.000158,4
MEXCFTS_PERP_SPX_USDT,2025-02-21 12:00:00,5e-05,4
MEXCFTS_PERP_SPX_USDT,2025-02-21 16:00:00,2e-05,4
MEXCFTS_PERP_SPX_USDT,2025-02-21 20:00:00,0.000637,4
MEXCFTS_PERP_SPX_USDT,2025-02-22 00:00:00,5e-05,4
MEXCFTS_PERP_SPX_USDT,2025-02-22 04:00:00,5e-05,4
MEXCFTS_PERP_SPX_USDT,2025-02-22 08:00:00,5e-05,4
MEXCFTS_PERP_SPX_USDT,2025-02-22 12:00:00,-0.000193,4
MEXCFTS_PERP_SPX_USDT,2025-02-22 16:00:00,5e-05,4
MEXCFTS_PERP_SPX_USDT,2025-02-22 20:00:00,5e-05,4
MEXCFTS_PERP_SPX_USDT,2025-02-23 00:00:00,5e-05,4
MEXCFTS_PERP_SPX_USDT,2025-02-23 04:00:00,5e-05,4
MEXCFTS_PERP_SPX_USDT,2025-02-23 08:00:00,2.7e-05,4
MEXCFTS_PERP_SPX_USDT,2025-02-23 12:00:00,5e-05,4
MEXCFTS_PERP_SPX_USDT,2025-02-23 16:00:00,5e-05,4
MEXCFTS_PERP_SPX_USDT,2025-02-23 20:00:00,-8.9e-05,4
MEXCFTS_PERP_SPX_USDT,2025-02-24 00:00:00,5e-05,4
MEXCFTS_PERP_SPX_USDT,2025-02-24 04:00:00,5e-05,4
MEXCFTS_PERP_SPX_USDT,2025-02-24 08:00:00,5e-05,4
MEXCFTS_PERP_SPX_USDT,2025-02-24 12:00:00,5e-05,4
MEXCFTS_PERP_SPX_USDT,2025-02-24 16:00:00,5e-05,4
MEXCFTS_PERP_SPX_USDT,2025-02-24 20:00:00,5e-05,4
MEXCFTS_PERP_SPX_USDT,2025-02-25 00:00:00,5e-05,4
MEXCFTS_PERP_SPX_USDT,2025-02-25 04:00:00,5e-05,4
MEXCFTS_PERP_SPX_USDT,2025-02-25 08:00:00,5e-05,4
MEXCFTS_PERP_SPX_USDT,2025-02-25 12:00:00,5e-05,4
MEXCFTS_PERP_SPX_USDT,2025-02-25 16:00:00,5e-05,4
MEXCFTS_PERP_SPX_USDT,2025-02-25 20:00:00,5e-05,4
MEXCFTS_PERP_SPX_USDT,2025-02-26 00:00:00,-5.1e-05,4
MEXCFTS_PERP_SPX_USDT,2025-02-26 04:00:00,5e-05,4
MEXCFTS_PERP_SPX_USDT,2025-02-26 08:00:00,3.4e-05,4
MEXCFTS_PERP_SPX_USDT,2025-02-26 12:00:00,-0.000158,4
MEXCFTS_PERP_SPX_USDT,2025-02-26 16:00:00,5e-05,4
MEXCFTS_PERP_SPX_USDT,2025-02-26 20:00:00,-2e-05,4
MEXCFTS_PERP_SPX_USDT,2025-02-27 00:00:00,5e-05,4
MEXCFTS_PERP_SPX_USDT,2025-02-27 04:00:00,5e-05,4
MEXCFTS_PERP_SPX_USDT,2025-02-27 08:00:00,5e-05,4
MEXCFTS_PERP_SPX_USDT,2025-02-27 12:00:00,8e-06,4
MEXCFTS_PERP_SPX_USDT,2025-02-27 16:00:00,5e-05,4
MEXCFTS_PERP_SPX_USDT,2025-02-27 20:00:00,4.8e-05,4
MEXCFTS_PERP_SPX_USDT,2025-02-28 00:00:00,-1.5e-05,4
MEXCFTS_PERP_SPX_USDT,2025-02-28 04:00:00,-0.000211,4
MEXCFTS_PERP_SPX_USDT,2025-02-28 08:00:00,5e-05,4
MEXCFTS_PERP_SPX_USDT,2025-02-28 12:00:00,5e-05,4
MEXCFTS_PERP_SPX_USDT,2025-02-28 16:00:00,5e-05,4
MEXCFTS_PERP_SPX_USDT,2025-02-28 20:00:00,5e-05,4
MEXCFTS_PERP_SPX_USDT,2025-03-01 00:00:00,5e-05,4
MEXCFTS_PERP_SPX_USDT,2025-03-01 04:00:00,5e-05,4
MEXCFTS_PERP_SPX_USDT,2025-03-01 08:00:00,5e-05,4
MEXCFTS_PERP_SPX_USDT,2025-03-01 12:00:00,5e-05,4
MEXCFTS_PERP_SPX_USDT,2025-03-01 16:00:00,5e-05,4
MEXCFTS_PERP_SPX_USDT,2025-03-01 20:00:00,5e-05,4
MEXCFTS_PERP_SPX_USDT,2025-03-02 00:00:00,5e-05,4
MEXCFTS_PERP_SPX_USDT,2025-03-02 04:00:00,5e-05,4
MEXCFTS_PERP_SPX_USDT,2025-03-02 08:00:00,5e-05,4
MEXCFTS_PERP_SPX_USDT,2025-03-02 12:00:00,5e-05,4
MEXCFTS_PERP_SPX_USDT,2025-03-02 16:00:00,5e-05,4
MEXCFTS_PERP_SPX_USDT,2025-03-02 20:00:00,5e-05,4
MEXCFTS_PERP_SPX_USDT,2025-03-03 00:00:00,5e-05,4
MEXCFTS_PERP_SPX_USDT,2025-03-03 04:00:00,5e-05,4
MEXCFTS_PERP_SPX_USDT,2025-03-03 08:00:00,5e-05,4
MEXCFTS_PERP_SPX_USDT,2025-03-03 12:00:00,5e-05,4
MEXCFTS_PERP_SPX_USDT,2025-03-03 16:00:00,5e-05,4
MEXCFTS_PERP_SPX_USDT,2025-03-03 20:00:00,1.7e-05,4
MEXCFTS_PERP_SPX_USDT,2025-03-04 00:00:00,5e-05,4
MEXCFTS_PERP_SPX_USDT,2025-03-04 04:00:00,5e-05,4
MEXCFTS_PERP_SPX_USDT,2025-03-04 08:00:00,5e-05,4
MEXCFTS_PERP_SPX_USDT,2025-03-04 12:00:00,4.7e-05,4
MEXCFTS_PERP_SPX_USDT,2025-03-04 16:00:00,5e-05,4
MEXCFTS_PERP_SPX_USDT,2025-03-04 20:00:00,5e-05,4
MEXCFTS_PERP_SPX_USDT,2025-03-05 00:00:00,5e-05,4
MEXCFTS_PERP_SPX_USDT,2025-03-05 04:00:00,-0.000137,4
MEXCFTS_PERP_SPX_USDT,2025-03-05 08:00:00,-6e-06,4
MEXCFTS_PERP_SPX_USDT,2025-03-05 12:00:00,-9e-05,4
MEXCFTS_PERP_SPX_USDT,2025-03-05 16:00:00,-4e-05,4
MEXCFTS_PERP_SPX_USDT,2025-03-05 20:00:00,5e-05,4
MEXCFTS_PERP_SPX_USDT,2025-03-06 00:00:00,1.3e-05,4
MEXCFTS_PERP_SPX_USDT,2025-03-06 04:00:00,4.8e-05,4
MEXCFTS_PERP_SPX_USDT,2025-03-06 08:00:00,4.7e-05,4
MEXCFTS_PERP_SPX_USDT,2025-03-06 12:00:00,3.4e-05,4
MEXCFTS_PERP_SPX_USDT,2025-03-06 16:00:00,5e-05,4
MEXCFTS_PERP_SPX_USDT,2025-03-06 20:00:00,5e-05,4
MEXCFTS_PERP_SPX_USDT,2025-03-07 00:00:00,0.0,4
MEXCFTS_PERP_SPX_USDT,2025-03-07 04:00:00,-3.2e-05,4
MEXCFTS_PERP_SPX_USDT,2025-03-07 08:00:00,5e-05,4
MEXCFTS_PERP_SPX_USDT,2025-03-07 12:00:00,5e-05,4
MEXCFTS_PERP_SPX_USDT,2025-03-07 16:00:00,5e-05,4
MEXCFTS_PERP_SPX_USDT,2025-03-07 20:00:00,5e-05,4
MEXCFTS_PERP_SPX_USDT,2025-03-08 00:00:00,5e-05,4
MEXCFTS_PERP_SPX_USDT,2025-03-08 04:00:00,5e-05,4
MEXCFTS_PERP_SPX_USDT,2025-03-08 08:00:00,5e-05,4
MEXCFTS_PERP_SPX_USDT,2025-03-08 12:00:00,-0.000165,4
MEXCFTS_PERP_SPX_USDT,2025-03-08 16:00:00,-7.1e-05,4
MEXCFTS_PERP_SPX_USDT,2025-03-08 20:00:00,3.3e-05,4
MEXCFTS_PERP_SPX_USDT,2025-03-09 00:00:00,5e-05,4
MEXCFTS_PERP_SPX_USDT,2025-03-09 04:00:00,5e-05,4
MEXCFTS_PERP_SPX_USDT,2025-03-09 08:00:00,-0.000117,4
MEXCFTS_PERP_SPX_USDT,2025-03-09 12:00:00,5e-05,4
MEXCFTS_PERP_SPX_USDT,2025-03-09 16:00:00,-5e-06,4
MEXCFTS_PERP_SPX_USDT,2025-03-09 20:00:00,5e-05,4
MEXCFTS_PERP_SPX_USDT,2025-03-10 00:00:00,-2.9e-05,4
MEXCFTS_PERP_SPX_USDT,2025-03-10 04:00:00,-0.00026,4
MEXCFTS_PERP_SPX_USDT,2025-03-10 08:00:00,8e-06,4
MEXCFTS_PERP_SPX_USDT,2025-03-10 12:00:00,-0.000135,4
MEXCFTS_PERP_SPX_USDT,2025-03-10 16:00:00,-5.5e-05,4
MEXCFTS_PERP_SPX_USDT,2025-03-10 20:00:00,4.5e-05,4
MEXCFTS_PERP_SPX_USDT,2025-03-11 00:00:00,-0.000277,4
MEXCFTS_PERP_SPX_USDT,2025-03-11 04:00:00,5e-05,4
MEXCFTS_PERP_SPX_USDT,2025-03-11 08:00:00,5e-05,4
MEXCFTS_PERP_SPX_USDT,2025-03-11 12:00:00,5e-05,4
MEXCFTS_PERP_SPX_USDT,2025-03-11 16:00:00,5e-05,4
MEXCFTS_PERP_SPX_USDT,2025-03-11 20:00:00,-0.000152,4
MEXCFTS_PERP_SPX_USDT,2025-03-12 00:00:00,-0.00037,4
MEXCFTS_PERP_SPX_USDT,2025-03-12 04:00:00,-0.000215,4
MEXCFTS_PERP_SPX_USDT,2025-03-12 08:00:00,3.5e-05,4
MEXCFTS_PERP_SPX_USDT,2025-03-12 12:00:00,-0.00029,4
MEXCFTS_PERP_SPX_USDT,2025-03-12 16:00:00,5e-05,4
MEXCFTS_PERP_SPX_USDT,2025-03-12 20:00:00,-6.5e-05,4
MEXCFTS_PERP_SPX_USDT,2025-03-13 00:00:00,5e-05,4
MEXCFTS_PERP_SPX_USDT,2025-03-13 04:00:00,5e-05,4
MEXCFTS_PERP_SPX_USDT,2025-03-13 08:00:00,5e-05,4
MEXCFTS_PERP_SPX_USDT,2025-03-13 12:00:00,-0.000101,4
MEXCFTS_PERP_SPX_USDT,2025-03-13 16:00:00,3e-05,4
MEXCFTS_PERP_SPX_USDT,2025-03-13 20:00:00,-0.000137,4
MEXCFTS_PERP_SPX_USDT,2025-03-14 00:00:00,-1.2e-05,4
MEXCFTS_PERP_SPX_USDT,2025-03-14 04:00:00,5e-05,4
MEXCFTS_PERP_SPX_USDT,2025-03-14 08:00:00,5e-05,4
MEXCFTS_PERP_SPX_USDT,2025-03-14 12:00:00,5e-05,4
MEXCFTS_PERP_SPX_USDT,2025-03-14 16:00:00,5e-05,4
MEXCFTS_PERP_SPX_USDT,2025-03-14 20:00:00,-0.000154,4
MEXCFTS_PERP_SPX_USDT,2025-03-15 00:00:00,-0.00049,4
MEXCFTS_PERP_SPX_USDT,2025-03-15 04:00:00,2.9e-05,4
MEXCFTS_PERP_SPX_USDT,2025-03-15 08:00:00,-2.9e-05,4
MEXCFTS_PERP_SPX_USDT,2025-03-15 12:00:00,5e-05,4
MEXCFTS_PERP_SPX_USDT,2025-03-15 16:00:00,5e-05,4
MEXCFTS_PERP_SPX_USDT,2025-03-15 20:00:00,5e-05,4
MEXCFTS_PERP_SPX_USDT,2025-03-16 00:00:00,5e-05,4
MEXCFTS_PERP_SPX_USDT,2025-03-16 04:00:00,2.9e-05,4
MEXCFTS_PERP_SPX_USDT,2025-03-16 08:00:00,5e-05,4
MEXCFTS_PERP_SPX_USDT,2025-03-16 12:00:00,5e-05,4
MEXCFTS_PERP_SPX_USDT,2025-03-16 16:00:00,5e-05,4
MEXCFTS_PERP_SPX_USDT,2025-03-16 20:00:00,-0.000541,4
MEXCFTS_PERP_SPX_USDT,2025-03-17 00:00:00,5e-05,4
MEXCFTS_PERP_SPX_USDT,2025-03-17 04:00:00,5e-05,4
MEXCFTS_PERP_SPX_USDT,2025-03-17 08:00:00,5e-05,4
MEXCFTS_PERP_SPX_USDT,2025-03-17 12:00:00,5e-05,4
MEXCFTS_PERP_SPX_USDT,2025-03-17 16:00:00,2.8e-05,4
MEXCFTS_PERP_SPX_USDT,2025-03-17 20:00:00,-0.000236,4
MEXCFTS_PERP_SPX_USDT,2025-03-18 00:00:00,-0.000169,4
MEXCFTS_PERP_SPX_USDT,2025-03-18 04:00:00,-5e-06,4
MEXCFTS_PERP_SPX_USDT,2025-03-18 08:00:00,-0.000112,4
MEXCFTS_PERP_SPX_USDT,2025-03-18 12:00:00,-7.9e-05,4
MEXCFTS_PERP_SPX_USDT,2025-03-18 16:00:00,5e-05,4
MEXCFTS_PERP_SPX_USDT,2025-03-18 20:00:00,5e-05,4
MEXCFTS_PERP_SPX_USDT,2025-03-19 00:00:00,5e-05,4
MEXCFTS_PERP_SPX_USDT,2025-03-19 04:00:00,5e-05,4
MEXCFTS_PERP_SPX_USDT,2025-03-19 08:00:00,5e-05,4
MEXCFTS_PERP_SPX_USDT,2025-03-19 12:00:00,5e-05,4
MEXCFTS_PERP_SPX_USDT,2025-03-19 16:00:00,5e-05,4
MEXCFTS_PERP_SPX_USDT,2025-03-19 20:00:00,-5e-06,4
MEXCFTS_PERP_SPX_USDT,2025-03-20 00:00:00,-1.9e-05,4
MEXCFTS_PERP_SPX_USDT,2025-03-20 04:00:00,5e-05,4
MEXCFTS_PERP_SPX_USDT,2025-03-20 08:00:00,2.3e-05,4
MEXCFTS_PERP_SPX_USDT,2025-03-20 12:00:00,-2e-05,4
MEXCFTS_PERP_SPX_USDT,2025-03-20 16:00:00,-0.000158,4
MEXCFTS_PERP_SPX_USDT,2025-03-20 20:00:00,5e-05,4
MEXCFTS_PERP_SPX_USDT,2025-03-21 00:00:00,5e-05,4
MEXCFTS_PERP_SPX_USDT,2025-03-21 04:00:00,5e-05,4
MEXCFTS_PERP_SPX_USDT,2025-03-21 08:00:00,1.3e-05,4
MEXCFTS_PERP_SPX_USDT,2025-03-21 12:00:00,-6e-06,4
MEXCFTS_PERP_SPX_USDT,2025-03-21 16:00:00,-0.000159,4
MEXCFTS_PERP_SPX_USDT,2025-03-21 20:00:00,3.4e-05,4
MEXCFTS_PERP_SPX_USDT,2025-03-22 00:00:00,5e-05,4
MEXCFTS_PERP_SPX_USDT,2025-03-22 04:00:00,5e-05,4
MEXCFTS_PERP_SPX_USDT,2025-03-22 08:00:00,5e-05,4
MEXCFTS_PERP_SPX_USDT,2025-03-22 12:00:00,3e-05,4
MEXCFTS_PERP_SPX_USDT,2025-03-22 16:00:00,5e-05,4
MEXCFTS_PERP_SPX_USDT,2025-03-22 20:00:00,0.0,4
MEXCFTS_PERP_SPX_USDT,2025-03-23 00:00:00,3.4e-05,4
MEXCFTS_PERP_SPX_USDT,2025-03-23 04:00:00,1.4e-05,4
MEXCFTS_PERP_SPX_USDT,2025-03-23 08:00:00,5e-05,4
MEXCFTS_PERP_SPX_USDT,2025-03-23 12:00:00,-0.000169,4
MEXCFTS_PERP_SPX_USDT,2025-03-23 16:00:00,-9.6e-05,4
MEXCFTS_PERP_SPX_USDT,2025-03-23 20:00:00,-0.000128,4
MEXCFTS_PERP_SPX_USDT,2025-03-24 00:00:00,2.7e-05,4
MEXCFTS_PERP_SPX_USDT,2025-03-24 04:00:00,5e-05,4
MEXCFTS_PERP_SPX_USDT,2025-03-24 08:00:00,5e-05,4
MEXCFTS_PERP_SPX_USDT,2025-03-24 12:00:00,5e-05,4
MEXCFTS_PERP_SPX_USDT,2025-03-24 16:00:00,5e-05,4
MEXCFTS_PERP_SPX_USDT,2025-03-24 20:00:00,5e-05,4
MEXCFTS_PERP_SPX_USDT,2025-03-25 00:00:00,5e-05,4
MEXCFTS_PERP_SPX_USDT,2025-03-25 04:00:00,5e-05,4
MEXCFTS_PERP_SPX_USDT,2025-03-25 08:00:00,5e-05,4
MEXCFTS_PERP_SPX_USDT,2025-03-25 12:00:00,2.4e-05,4
MEXCFTS_PERP_SPX_USDT,2025-03-25 16:00:00,-4.1e-05,4
MEXCFTS_PERP_SPX_USDT,2025-03-25 20:00:00,-2.8e-05,4
MEXCFTS_PERP_SPX_USDT,2025-03-26 00:00:00,5e-05,4
MEXCFTS_PERP_SPX_USDT,2025-03-26 04:00:00,5e-05,4
MEXCFTS_PERP_SPX_USDT,2025-03-26 08:00:00,5e-05,4
MEXCFTS_PERP_SPX_USDT,2025-03-26 12:00:00,5e-05,4
MEXCFTS_PERP_SPX_USDT,2025-03-26 16:00:00,-0.000269,4
MEXCFTS_PERP_SPX_USDT,2025-03-26 20:00:00,5e-05,4
MEXCFTS_PERP_SPX_USDT,2025-03-27 00:00:00,5e-05,4
MEXCFTS_PERP_SPX_USDT,2025-03-27 04:00:00,5e-05,4
MEXCFTS_PERP_SPX_USDT,2025-03-27 08:00:00,5e-05,4
MEXCFTS_PERP_SPX_USDT,2025-03-27 12:00:00,-0.000246,4
MEXCFTS_PERP_SPX_USDT,2025-03-27 16:00:00,-0.000297,4
MEXCFTS_PERP_SPX_USDT,2025-03-27 20:00:00,-5.2e-05,4
MEXCFTS_PERP_SPX_USDT,2025-03-28 00:00:00,-3.1e-05,4
MEXCFTS_PERP_SPX_USDT,2025-03-28 04:00:00,5e-05,4
MEXCFTS_PERP_SPX_USDT,2025-03-28 08:00:00,5e-05,4
MEXCFTS_PERP_SPX_USDT,2025-03-28 12:00:00,5e-05,4
MEXCFTS_PERP_SPX_USDT,2025-03-28 16:00:00,5e-05,4
MEXCFTS_PERP_SPX_USDT,2025-03-28 20:00:00,5e-05,4
MEXCFTS_PERP_SPX_USDT,2025-03-29 00:00:00,5e-05,4
MEXCFTS_PERP_SPX_USDT,2025-03-29 04:00:00,5e-05,4
MEXCFTS_PERP_SPX_USDT,2025-03-29 08:00:00,5e-05,4
MEXCFTS_PERP_SPX_USDT,2025-03-29 12:00:00,5e-05,4
MEXCFTS_PERP_SPX_USDT,2025-03-29 16:00:00,5e-05,4
MEXCFTS_PERP_SPX_USDT,2025-03-29 20:00:00,5e-05,4
MEXCFTS_PERP_SPX_USDT,2025-03-30 00:00:00,-7.6e-05,4
MEXCFTS_PERP_SPX_USDT,2025-03-30 04:00:00,5e-05,4
MEXCFTS_PERP_SPX_USDT,2025-03-30 08:00:00,5e-05,4
MEXCFTS_PERP_SPX_USDT,2025-03-30 12:00:00,5e-05,4
MEXCFTS_PERP_SPX_USDT,2025-03-30 16:00:00,-1.5e-05,4
MEXCFTS_PERP_SPX_USDT,2025-03-30 20:00:00,4e-05,4
MEXCFTS_PERP_SPX_USDT,2025-03-31 00:00:00,2.2e-05,4
MEXCFTS_PERP_SPX_USDT,2025-03-31 04:00:00,5e-05,4
MEXCFTS_PERP_SPX_USDT,2025-03-31 08:00:00,5e-05,4
MEXCFTS_PERP_SPX_USDT,2025-03-31 12:00:00,5e-05,4
MEXCFTS_PERP_SPX_USDT,2025-03-31 16:00:00,5e-05,4
MEXCFTS_PERP_SPX_USDT,2025-03-31 20:00:00,5e-05,4
MEXCFTS_PERP_SPX_USDT,2025-04-01 00:00:00,5e-05,4
MEXCFTS_PERP_SPX_USDT,2025-04-01 04:00:00,5e-05,4
MEXCFTS_PERP_SPX_USDT,2025-04-01 08:00:00,-6.8e-05,4
MEXCFTS_PERP_SPX_USDT,2025-04-01 12:00:00,5e-05,4
MEXCFTS_PERP_SPX_USDT,2025-04-01 16:00:00,5e-05,4
MEXCFTS_PERP_SPX_USDT,2025-04-01 20:00:00,5e-05,4
MEXCFTS_PERP_SPX_USDT,2025-04-02 00:00:00,5e-05,4
MEXCFTS_PERP_SPX_USDT,2025-04-02 04:00:00,5e-05,4
MEXCFTS_PERP_SPX_USDT,2025-04-02 08:00:00,5e-05,4
MEXCFTS_PERP_SPX_USDT,2025-04-02 12:00:00,5e-05,4
MEXCFTS_PERP_SPX_USDT,2025-04-02 16:00:00,5e-05,4
MEXCFTS_PERP_SPX_USDT,2025-04-02 20:00:00,5e-05,4
MEXCFTS_PERP_SPX_USDT,2025-04-03 00:00:00,-0.000154,4
MEXCFTS_PERP_SPX_USDT,2025-04-03 04:00:00,-2e-06,4
MEXCFTS_PERP_SPX_USDT,2025-04-03 08:00:00,5e-05,4
MEXCFTS_PERP_SPX_USDT,2025-04-03 12:00:00,3.9e-05,4
MEXCFTS_PERP_SPX_USDT,2025-04-03 16:00:00,-1.5e-05,4
MEXCFTS_PERP_SPX_USDT,2025-04-03 20:00:00,5e-05,4
MEXCFTS_PERP_SPX_USDT,2025-04-04 00:00:00,-3.2e-05,4
MEXCFTS_PERP_SPX_USDT,2025-04-04 04:00:00,0.0,4
MEXCFTS_PERP_SPX_USDT,2025-04-04 08:00:00,2.8e-05,4
MEXCFTS_PERP_SPX_USDT,2025-04-04 12:00:00,5e-05,4
MEXCFTS_PERP_SPX_USDT,2025-04-04 16:00:00,5e-05,4
MEXCFTS_PERP_SPX_USDT,2025-04-04 20:00:00,5e-05,4
MEXCFTS_PERP_SPX_USDT,2025-04-05 00:00:00,5e-05,4
MEXCFTS_PERP_SPX_USDT,2025-04-05 04:00:00,5e-05,4
MEXCFTS_PERP_SPX_USDT,2025-04-05 08:00:00,5e-05,4
MEXCFTS_PERP_SPX_USDT,2025-04-05 12:00:00,5e-05,4
MEXCFTS_PERP_SPX_USDT,2025-04-05 16:00:00,5e-05,4
MEXCFTS_PERP_SPX_USDT,2025-04-05 20:00:00,5e-05,4
MEXCFTS_PERP_SPX_USDT,2025-04-06 00:00:00,5e-05,4
MEXCFTS_PERP_SPX_USDT,2025-04-06 04:00:00,-0.000175,4
MEXCFTS_PERP_SPX_USDT,2025-04-06 08:00:00,-0.000138,4
MEXCFTS_PERP_SPX_USDT,2025-04-06 12:00:00,5e-05,4
MEXCFTS_PERP_SPX_USDT,2025-04-06 16:00:00,5e-05,4
MEXCFTS_PERP_SPX_USDT,2025-04-06 20:00:00,-3.3e-05,4
MEXCFTS_PERP_SPX_USDT,2025-04-07 00:00:00,-8.6e-05,4
MEXCFTS_PERP_SPX_USDT,2025-04-07 04:00:00,5e-05,4
MEXCFTS_PERP_SPX_USDT,2025-04-07 08:00:00,5e-05,4
MEXCFTS_PERP_SPX_USDT,2025-04-07 12:00:00,-2.4e-05,4
MEXCFTS_PERP_SPX_USDT,2025-04-07 16:00:00,3.6e-05,4
MEXCFTS_PERP_SPX_USDT,2025-04-07 20:00:00,5e-05,4
MEXCFTS_PERP_SPX_USDT,2025-04-08 00:00:00,5e-05,4
MEXCFTS_PERP_SPX_USDT,2025-04-08 04:00:00,5e-05,4
MEXCFTS_PERP_SPX_USDT,2025-04-08 08:00:00,5e-05,4
MEXCFTS_PERP_SPX_USDT,2025-04-08 12:00:00,-0.000249,4
MEXCFTS_PERP_SPX_USDT,2025-04-08 16:00:00,-8.1e-05,4
MEXCFTS_PERP_SPX_USDT,2025-04-08 20:00:00,-0.000171,4
MEXCFTS_PERP_SPX_USDT,2025-04-09 00:00:00,-0.000347,4
MEXCFTS_PERP_SPX_USDT,2025-04-09 04:00:00,-5e-06,4
MEXCFTS_PERP_SPX_USDT,2025-04-09 08:00:00,5e-05,4
MEXCFTS_PERP_SPX_USDT,2025-04-09 12:00:00,5e-05,4
MEXCFTS_PERP_SPX_USDT,2025-04-09 16:00:00,-9.9e-05,4
MEXCFTS_PERP_SPX_USDT,2025-04-09 20:00:00,-0.000168,4
MEXCFTS_PERP_SPX_USDT,2025-04-10 00:00:00,-0.000221,4
MEXCFTS_PERP_SPX_USDT,2025-04-10 04:00:00,-5.2e-05,4
MEXCFTS_PERP_SPX_USDT,2025-04-10 08:00:00,5e-05,4
MEXCFTS_PERP_SPX_USDT,2025-04-10 12:00:00,-2e-05,4
MEXCFTS_PERP_SPX_USDT,2025-04-10 16:00:00,-0.000391,4
MEXCFTS_PERP_SPX_USDT,2025-04-10 20:00:00,-0.000294,4
MEXCFTS_PERP_SPX_USDT,2025-04-11 00:00:00,-0.000667,4
MEXCFTS_PERP_SPX_USDT,2025-04-11 04:00:00,-0.000285,4
MEXCFTS_PERP_SPX_USDT,2025-04-11 08:00:00,3.6e-05,4
MEXCFTS_PERP_SPX_USDT,2025-04-11 12:00:00,-7.1e-05,4
MEXCFTS_PERP_SPX_USDT,2025-04-11 16:00:00,-0.000151,4
MEXCFTS_PERP_SPX_USDT,2025-04-11 20:00:00,-0.000425,4
MEXCFTS_PERP_SPX_USDT,2025-04-12 00:00:00,2.4e-05,4
MEXCFTS_PERP_SPX_USDT,2025-04-12 04:00:00,-0.000483,4
MEXCFTS_PERP_SPX_USDT,2025-04-12 08:00:00,-0.00101,4
MEXCFTS_PERP_SPX_USDT,2025-04-12 12:00:00,-0.000634,4
MEXCFTS_PERP_SPX_USDT,2025-04-12 16:00:00,-0.001432,4
MEXCFTS_PERP_SPX_USDT,2025-04-12 20:00:00,-0.000454,4
MEXCFTS_PERP_SPX_USDT,2025-04-13 00:00:00,5e-05,4
MEXCFTS_PERP_SPX_USDT,2025-04-13 04:00:00,5e-05,4
MEXCFTS_PERP_SPX_USDT,2025-04-13 08:00:00,5e-05,4
MEXCFTS_PERP_SPX_USDT,2025-04-13 12:00:00,-7.5e-05,4
MEXCFTS_PERP_SPX_USDT,2025-04-13 16:00:00,-9.4e-05,4
MEXCFTS_PERP_SPX_USDT,2025-04-13 20:00:00,-0.000339,4
MEXCFTS_PERP_SPX_USDT,2025-04-14 00:00:00,-4.4e-05,4
MEXCFTS_PERP_SPX_USDT,2025-04-14 04:00:00,-6.6e-05,4
MEXCFTS_PERP_SPX_USDT,2025-04-14 08:00:00,-0.000119,4
MEXCFTS_PERP_SPX_USDT,2025-04-14 12:00:00,-0.000181,4
MEXCFTS_PERP_SPX_USDT,2025-04-14 16:00:00,-0.000555,4
MEXCFTS_PERP_SPX_USDT,2025-04-14 20:00:00,-0.000165,4
MEXCFTS_PERP_SPX_USDT,2025-04-15 00:00:00,-1.3e-05,4
MEXCFTS_PERP_SPX_USDT,2025-04-15 04:00:00,5e-05,4
MEXCFTS_PERP_SPX_USDT,2025-04-15 08:00:00,-0.000106,4
MEXCFTS_PERP_SPX_USDT,2025-04-15 12:00:00,1e-06,4
MEXCFTS_PERP_SPX_USDT,2025-04-15 16:00:00,-4.4e-05,4
MEXCFTS_PERP_SPX_USDT,2025-04-15 20:00:00,-0.000368,4
MEXCFTS_PERP_SPX_USDT,2025-04-16 00:00:00,-0.000126,4
MEXCFTS_PERP_SPX_USDT,2025-04-16 04:00:00,-9.8e-05,4
MEXCFTS_PERP_SPX_USDT,2025-04-16 08:00:00,-0.000215,4
MEXCFTS_PERP_SPX_USDT,2025-04-16 12:00:00,-0.000442,4
MEXCFTS_PERP_SPX_USDT,2025-04-16 16:00:00,-0.000524,4
MEXCFTS_PERP_SPX_USDT,2025-04-16 20:00:00,4.1e-05,4
MEXCFTS_PERP_SPX_USDT,2025-04-17 00:00:00,-0.000268,4
MEXCFTS_PERP_SPX_USDT,2025-04-17 04:00:00,3e-06,4
MEXCFTS_PERP_SPX_USDT,2025-04-17 08:00:00,-0.000141,4
MEXCFTS_PERP_SPX_USDT,2025-04-17 12:00:00,-8.1e-05,4
MEXCFTS_PERP_SPX_USDT,2025-04-17 16:00:00,-0.000738,4
MEXCFTS_PERP_SPX_USDT,2025-04-17 20:00:00,5e-05,4
MEXCFTS_PERP_SPX_USDT,2025-04-18 00:00:00,7e-06,4
MEXCFTS_PERP_SPX_USDT,2025-04-18 04:00:00,7e-06,4
MEXCFTS_PERP_SPX_USDT,2025-04-18 08:00:00,-6.9e-05,4
MEXCFTS_PERP_SPX_USDT,2025-04-18 12:00:00,-4e-06,4
MEXCFTS_PERP_SPX_USDT,2025-04-18 16:00:00,-0.000186,4
MEXCFTS_PERP_SPX_USDT,2025-04-18 20:00:00,-0.000161,4
MEXCFTS_PERP_SPX_USDT,2025-04-19 00:00:00,-0.000382,4
MEXCFTS_PERP_SPX_USDT,2025-04-19 04:00:00,-0.000168,4
MEXCFTS_PERP_SPX_USDT,2025-04-19 08:00:00,-0.000203,4
MEXCFTS_PERP_SPX_USDT,2025-04-19 12:00:00,-0.000129,4
MEXCFTS_PERP_SPX_USDT,2025-04-19 16:00:00,-0.000139,4
MEXCFTS_PERP_SPX_USDT,2025-04-19 20:00:00,5e-05,4
MEXCFTS_PERP_SPX_USDT,2025-04-20 00:00:00,-1.7e-05,4
MEXCFTS_PERP_SPX_USDT,2025-04-20 04:00:00,-3.3e-05,4
MEXCFTS_PERP_SPX_USDT,2025-04-20 08:00:00,5e-05,4
MEXCFTS_PERP_SPX_USDT,2025-04-20 12:00:00,-0.000151,4
MEXCFTS_PERP_SPX_USDT,2025-04-20 16:00:00,-1.1e-05,4
MEXCFTS_PERP_SPX_USDT,2025-04-20 20:00:00,5e-05,4
MEXCFTS_PERP_SPX_USDT,2025-04-21 00:00:00,5e-05,4
MEXCFTS_PERP_SPX_USDT,2025-04-21 04:00:00,5e-05,4
MEXCFTS_PERP_SPX_USDT,2025-04-21 08:00:00,5e-05,4
MEXCFTS_PERP_SPX_USDT,2025-04-21 12:00:00,5e-05,4
MEXCFTS_PERP_SPX_USDT,2025-04-21 16:00:00,5e-05,4
MEXCFTS_PERP_SPX_USDT,2025-04-21 20:00:00,5e-05,4
MEXCFTS_PERP_SPX_USDT,2025-04-22 00:00:00,5e-05,4
MEXCFTS_PERP_SPX_USDT,2025-04-22 04:00:00,5e-05,4
MEXCFTS_PERP_SPX_USDT,2025-04-22 08:00:00,5e-05,4
MEXCFTS_PERP_SPX_USDT,2025-04-22 12:00:00,5e-05,4
MEXCFTS_PERP_SPX_USDT,2025-04-22 16:00:00,5e-05,4
MEXCFTS_PERP_SPX_USDT,2025-04-22 20:00:00,5e-05,4
MEXCFTS_PERP_SPX_USDT,2025-04-23 00:00:00,5e-05,4
MEXCFTS_PERP_SPX_USDT,2025-04-23 04:00:00,5e-05,4
MEXCFTS_PERP_SPX_USDT,2025-04-23 08:00:00,5e-05,4
MEXCFTS_PERP_SPX_USDT,2025-04-23 12:00:00,5e-05,4
MEXCFTS_PERP_SPX_USDT,2025-04-23 16:00:00,5e-05,4
MEXCFTS_PERP_SPX_USDT,2025-04-23 20:00:00,5e-05,4
MEXCFTS_PERP_SPX_USDT,2025-04-24 00:00:00,5e-05,4
MEXCFTS_PERP_SPX_USDT,2025-04-24 04:00:00,5e-05,4
MEXCFTS_PERP_SPX_USDT,2025-04-24 08:00:00,5e-05,4
MEXCFTS_PERP_SPX_USDT,2025-04-24 12:00:00,5e-05,4
MEXCFTS_PERP_SPX_USDT,2025-04-24 16:00:00,5e-05,4
MEXCFTS_PERP_SPX_USDT,2025-04-24 20:00:00,5e-05,4
MEXCFTS_PERP_SPX_USDT,2025-04-25 00:00:00,5e-05,4
MEXCFTS_PERP_SPX_USDT,2025-04-25 04:00:00,5e-05,4
MEXCFTS_PERP_SPX_USDT,2025-04-25 08:00:00,5e-05,4
MEXCFTS_PERP_SPX_USDT,2025-04-25 12:00:00,5e-05,4
MEXCFTS_PERP_SPX_USDT,2025-04-25 16:00:00,5e-05,4
MEXCFTS_PERP_SPX_USDT,2025-04-25 20:00:00,5e-05,4
MEXCFTS_PERP_SPX_USDT,2025-04-26 00:00:00,5e-05,4
MEXCFTS_PERP_SPX_USDT,2025-04-26 04:00:00,5e-05,4
MEXCFTS_PERP_SPX_USDT,2025-04-26 08:00:00,5e-05,4
MEXCFTS_PERP_SPX_USDT,2025-04-26 12:00:00,5e-05,4
MEXCFTS_PERP_SPX_USDT,2025-04-26 16:00:00,5e-05,4
MEXCFTS_PERP_SPX_USDT,2025-04-26 20:00:00,5e-05,4
MEXCFTS_PERP_SPX_USDT,2025-04-27 00:00:00,5e-05,4
MEXCFTS_PERP_SPX_USDT,2025-04-27 04:00:00,5e-05,4
MEXCFTS_PERP_SPX_USDT,2025-04-27 08:00:00,5e-05,4
MEXCFTS_PERP_SPX_USDT,2025-04-27 12:00:00,5e-05,4
MEXCFTS_PERP_SPX_USDT,2025-04-27 16:00:00,5e-05,4
MEXCFTS_PERP_SPX_USDT,2025-04-27 20:00:00,5e-05,4
MEXCFTS_PERP_SPX_USDT,2025-04-28 00:00:00,-3.6e-05,4
MEXCFTS_PERP_SPX_USDT,2025-04-28 04:00:00,5e-05,4
MEXCFTS_PERP_SPX_USDT,2025-04-28 08:00:00,5e-05,4
MEXCFTS_PERP_SPX_USDT,2025-04-28 12:00:00,5e-05,4
MEXCFTS_PERP_SPX_USDT,2025-04-28 16:00:00,5e-05,4
MEXCFTS_PERP_SPX_USDT,2025-04-28 20:00:00,5e-05,4
MEXCFTS_PERP_SPX_USDT,2025-04-29 00:00:00,5e-05,4
MEXCFTS_PERP_SPX_USDT,2025-04-29 04:00:00,5e-05,4
MEXCFTS_PERP_SPX_USDT,2025-04-29 08:00:00,5e-05,4
MEXCFTS_PERP_SPX_USDT,2025-04-29 12:00:00,5e-05,4
MEXCFTS_PERP_SPX_USDT,2025-04-29 16:00:00,5e-05,4
MEXCFTS_PERP_SPX_USDT,2025-04-29 20:00:00,5e-05,4
MEXCFTS_PERP_SPX_USDT,2025-04-30 00:00:00,5e-05,4
MEXCFTS_PERP_SPX_USDT,2025-04-30 04:00:00,5e-05,4
MEXCFTS_PERP_SPX_USDT,2025-04-30 08:00:00,5e-05,4
MEXCFTS_PERP_SPX_USDT,2025-04-30 12:00:00,5e-05,4
MEXCFTS_PERP_SPX_USDT,2025-04-30 16:00:00,5e-05,4
MEXCFTS_PERP_SPX_USDT,2025-04-30 20:00:00,5e-05,4
MEXCFTS_PERP_SPX_USDT,2025-05-01 00:00:00,5e-05,4
MEXCFTS_PERP_SPX_USDT,2025-05-01 04:00:00,4.8e-05,4
MEXCFTS_PERP_SPX_USDT,2025-05-01 08:00:00,5e-05,4
MEXCFTS_PERP_SPX_USDT,2025-05-01 12:00:00,5e-05,4
MEXCFTS_PERP_SPX_USDT,2025-05-01 16:00:00,5e-05,4
MEXCFTS_PERP_SPX_USDT,2025-05-01 20:00:00,5e-05,4
MEXCFTS_PERP_SPX_USDT,2025-05-02 00:00:00,5e-05,4
MEXCFTS_PERP_SPX_USDT,2025-05-02 04:00:00,5e-05,4
MEXCFTS_PERP_SPX_USDT,2025-05-02 08:00:00,5e-05,4
MEXCFTS_PERP_SPX_USDT,2025-05-02 12:00:00,5e-05,4
MEXCFTS_PERP_SPX_USDT,2025-05-02 16:00:00,5e-05,4
MEXCFTS_PERP_SPX_USDT,2025-05-02 20:00:00,5e-05,4
MEXCFTS_PERP_SPX_USDT,2025-05-03 00:00:00,5e-05,4
MEXCFTS_PERP_SPX_USDT,2025-05-03 04:00:00,5e-05,4
MEXCFTS_PERP_SPX_USDT,2025-05-03 08:00:00,5e-05,4
MEXCFTS_PERP_SPX_USDT,2025-05-03 12:00:00,5e-05,4
MEXCFTS_PERP_SPX_USDT,2025-05-03 16:00:00,5e-05,4
MEXCFTS_PERP_SPX_USDT,2025-05-03 20:00:00,5e-05,4
MEXCFTS_PERP_SPX_USDT,2025-05-04 00:00:00,5e-05,4
MEXCFTS_PERP_SPX_USDT,2025-05-04 04:00:00,5e-05,4
MEXCFTS_PERP_SPX_USDT,2025-05-04 08:00:00,5e-05,4
MEXCFTS_PERP_SPX_USDT,2025-05-04 12:00:00,5e-05,4
MEXCFTS_PERP_SPX_USDT,2025-05-04 16:00:00,1.6e-05,4
MEXCFTS_PERP_SPX_USDT,2025-05-04 20:00:00,5e-05,4
MEXCFTS_PERP_SPX_USDT,2025-05-05 00:00:00,1.8e-05,4
MEXCFTS_PERP_SPX_USDT,2025-05-05 04:00:00,5e-05,4
MEXCFTS_PERP_SPX_USDT,2025-05-05 08:00:00,5e-05,4
MEXCFTS_PERP_SPX_USDT,2025-05-05 12:00:00,1.8e-05,4
MEXCFTS_PERP_SPX_USDT,2025-05-05 16:00:00,5e-05,4
MEXCFTS_PERP_SPX_USDT,2025-05-05 20:00:00,5e-05,4
MEXCFTS_PERP_SPX_USDT,2025-05-06 00:00:00,5e-05,4
MEXCFTS_PERP_SPX_USDT,2025-05-06 04:00:00,5e-05,4
MEXCFTS_PERP_SPX_USDT,2025-05-06 08:00:00,5e-05,4
MEXCFTS_PERP_SPX_USDT,2025-05-06 12:00:00,-8e-05,4
MEXCFTS_PERP_SPX_USDT,2025-05-06 16:00:00,-1.4e-05,4
MEXCFTS_PERP_SPX_USDT,2025-05-06 20:00:00,5e-05,4
MEXCFTS_PERP_SPX_USDT,2025-05-07 00:00:00,5e-05,4
MEXCFTS_PERP_SPX_USDT,2025-05-07 04:00:00,5e-05,4
MEXCFTS_PERP_SPX_USDT,2025-05-07 08:00:00,5e-05,4
MEXCFTS_PERP_SPX_USDT,2025-05-07 12:00:00,5e-05,4
MEXCFTS_PERP_SPX_USDT,2025-05-07 16:00:00,5e-05,4
MEXCFTS_PERP_SPX_USDT,2025-05-07 20:00:00,5e-05,4
MEXCFTS_PERP_SPX_USDT,2025-05-08 00:00:00,5e-05,4
MEXCFTS_PERP_SPX_USDT,2025-05-08 04:00:00,5e-05,4
MEXCFTS_PERP_SPX_USDT,2025-05-08 08:00:00,5e-05,4
MEXCFTS_PERP_SPX_USDT,2025-05-08 12:00:00,5e-05,4
MEXCFTS_PERP_SPX_USDT,2025-05-08 16:00:00,5e-05,4
MEXCFTS_PERP_SPX_USDT,2025-05-08 20:00:00,5e-05,4
MEXCFTS_PERP_SPX_USDT,2025-05-09 00:00:00,5e-05,4
MEXCFTS_PERP_SPX_USDT,2025-05-09 04:00:00,5e-05,4
MEXCFTS_PERP_SPX_USDT,2025-05-09 08:00:00,5e-05,4
MEXCFTS_PERP_SPX_USDT,2025-05-09 12:00:00,5e-05,4
MEXCFTS_PERP_SPX_USDT,2025-05-09 16:00:00,5e-05,4
MEXCFTS_PERP_SPX_USDT,2025-05-09 20:00:00,5e-05,4
MEXCFTS_PERP_SPX_USDT,2025-05-10 00:00:00,5e-05,4
MEXCFTS_PERP_SPX_USDT,2025-05-10 04:00:00,5e-05,4
MEXCFTS_PERP_SPX_USDT,2025-05-10 08:00:00,5e-05,4
MEXCFTS_PERP_SPX_USDT,2025-05-10 12:00:00,5e-05,4
MEXCFTS_PERP_SPX_USDT,2025-05-10 16:00:00,5e-05,4
MEXCFTS_PERP_SPX_USDT,2025-05-10 20:00:00,5e-05,4
MEXCFTS_PERP_SPX_USDT,2025-05-11 00:00:00,5e-05,4
MEXCFTS_PERP_SPX_USDT,2025-05-11 04:00:00,5e-05,4
MEXCFTS_PERP_SPX_USDT,2025-05-11 08:00:00,5e-05,4
MEXCFTS_PERP_SPX_USDT,2025-05-11 12:00:00,5e-05,4
MEXCFTS_PERP_SPX_USDT,2025-05-11 16:00:00,5e-05,4
MEXCFTS_PERP_SPX_USDT,2025-05-11 20:00:00,5e-05,4
MEXCFTS_PERP_SPX_USDT,2025-05-12 00:00:00,5e-05,4
MEXCFTS_PERP_SPX_USDT,2025-05-12 04:00:00,5e-05,4
MEXCFTS_PERP_SPX_USDT,2025-05-12 08:00:00,5e-05,4
MEXCFTS_PERP_SPX_USDT,2025-05-12 12:00:00,5e-05,4
MEXCFTS_PERP_SPX_USDT,2025-05-12 16:00:00,5e-05,4
MEXCFTS_PERP_SPX_USDT,2025-05-12 20:00:00,5e-05,4
MEXCFTS_PERP_SPX_USDT,2025-05-13 00:00:00,5e-05,4
MEXCFTS_PERP_SPX_USDT,2025-05-13 04:00:00,5e-05,4
MEXCFTS_PERP_SPX_USDT,2025-05-13 08:00:00,5e-05,4
MEXCFTS_PERP_SPX_USDT,2025-05-13 12:00:00,5e-05,4
MEXCFTS_PERP_SPX_USDT,2025-05-13 16:00:00,5e-05,4
MEXCFTS_PERP_SPX_USDT,2025-05-13 20:00:00,5e-05,4
MEXCFTS_PERP_SPX_USDT,2025-05-14 00:00:00,5e-05,4
MEXCFTS_PERP_SPX_USDT,2025-05-14 04:00:00,5e-05,4
MEXCFTS_PERP_SPX_USDT,2025-05-14 08:00:00,5e-05,4
MEXCFTS_PERP_SPX_USDT,2025-05-14 12:00:00,5e-05,4
MEXCFTS_PERP_SPX_USDT,2025-05-14 16:00:00,5e-05,4
